<?xml version="1.0" encoding="utf-8"?>
<resources>
    <string name="keyboard_mode_qwert">qwerty</string>
    <string name="keyboard_mode_num">123</string>
    <string name="keyboard_copy">paste</string>
    <string name="internayional_splash_thrd_desc"><![CDATA[Dial more & Save more money]]></string>
    <string name="internayional_splash_sec_desc">Wherever you go, Wherever we call</string>
    <string name="internayional_splash_firt_desc">Stable quality of voice</string>
    <string name="internayional_splash_thrd_title">Call global wisely</string>
    <string name="internayional_splash_sec_title">Call all over the world</string>
    <string name="internayional_splash_firt_title">Clear, Stable, Smooth</string>
    <string name="splash_skip">Skip</string>
    <string name="splash_login">TRY IT NOW</string>
    <string name="conact_detail_edit">Edit</string>
    <string name="super_search_hint">Search</string>
    <string name="dialer_dialog_cancel">Cancel</string>
    <string name="dialer_dialog_ensure">Sure</string>
    <string name="dialer_dialog_call_forward">Calling Back to</string>
    <string name="internation_best_discount">Great Discount</string>
    <string name="international_profile">Profile</string>
    <string name="international_conacts">Contacts</string>
    <string name="dialer_call_record">Call Records</string>
    <string name="international_dialer">Dialer</string>
    <string name="contacts_no_permission">Or check the system permission</string>
    <string name="contacts_no_empty">No contacts found</string>
    <string name="calllog_no_empty">No call records found</string>
    <string name="permission_noti_contacts">Permission request:  Contacts</string>
    <string name="permission_noti_phone">Permission request:  Phone</string>
    <string name="contacts_add_fail">Failed to add a contact</string>
    <string name="contacts_edit_fail">Edit contact failed</string>
    <string name="phonepad_copy_none">No content to paste</string>

    <string name="voip_sign_with_mobile">Sign in with mobile</string>
    <string name="voip_login_with_twitter">Sign in with Twitter</string>
    <string name="voip_login_with_facebook">Sign in with Facebook</string>
    <string name="voip_login_with_google">Sign in with Google</string>
</resources>