,0,1
0,,1198
1,！,1107
2,「,618
3,」,616
4,，,568
5,的,242
6,了,205
7,她,142
8,被,128
9,,121
10,他,118
11,：,110
12,q,105
13,後,100
14,都,90
15,s,89
16,W友,89
17,是,85
18,在,77
19,],59
20,到,58
21, ,55
22,人,51
23,年,50
24,我,42
25,lF,42
26,想到,41
27,f,37
28,就,37
29,要,35
30,看到,34
31,竟,33
32,你,31
33,,31
34,不,30
35,,28
36,大,28
37,台,28
38,自己,28
39,正妹,27
40,看,27
41,大家,27
42,,27
43,去,26
44,2,26
45,有,26
46,女,25
47,3,25
48,但,25
49,上,25
50,R,25
51,10,25
52,如今,25
53,孩子,24
54,8,24
55,曝光,24
56,Y果,23
57,把,23
58,X,22
59,女子,22
60,好,22
61,男子,22
62,男友,21
63,老,21
64,f,20
65,r,20
66,吃,20
67,最,20
68,,20
69,I,20
70,,20
71,、,19
72,鹤,19
73,@,18
74,月,18
75,L,18
76,R,18
77,下,18
78,跟,18
79,,17
80,女友,17
81,真的,17
82,店T,17
83,才,17
84,,17
85,得,17
86,,17
87,也,16
88,死,16
89,,16
90,,16
91,拿,16
92,一,15
93,老公,15
94,又,15
95,元,15
96,女,15
97,拍,15
98,笑,15
99,爸爸,14
100,瞬g,14
101,|,13
102,翻,13
103,出,13
104,,13
105,原,13
106,他,13
107,不要,13
108,iPhone,13
109,找,13
110,6,13
111,小,13
112,,13
113,,13
114,超,13
115,想,13
116,竟然,12
117,,12
118,老婆,12
119,小孩,12
120,啊,12
121,,12
122,多,12
123,照片,12
124,9,12
125,傻眼,12
126,掉,12
127,20,12
128,日本,12
129,突然,12
130,只,12
131,7,12
132,少女,11
133,一,11
134,屁孩,11
135,,11
136,阿,11
137,做,11
138,15,11
139,一句,11
140,真相,11
141,直接,11
142,意外,11
143,打,11
144,怒,11
145,面,11
146,年,11
147,W客,11
148,c,10
149,,10
150,4,10
151,_,10
152,@,10
153,天,10
154,不是,10
155,5,10
156,12,10
157,|西,10
158,男,10
159,@,10
160,每天,10
161,19,9
162,很,9
163,@位,9
164,t生,9
165,居然,9
166,打,9
167,娶,9
168,原因,9
169,和,9
170,於,9
171,爆,9
172,,9
173,1,9
174,前,9
175,PO,9
176,著,9
177,因,9
178,恐怖,8
179,警察,8
180,女孩,8
181,向,8
182,一直,8
183,再,8
184,,8
185,不敢,8
186,Y婚,8
187,跑,8
188,知道,8
189,哭,8
190,妙U,8
191,女神,8
192,夜市,8
193,要求,8
194,崩,8
195,狂,8
196,16,8
197,郭台,8
198,太,8
199,年前,8
200,o,8
201,名,8
202,一起,8
203,女生,8
204,背,7
205,等,7
206,]人,7
207,直呼,7
208,地,7
209,,7
210,富豪,7
211,火,7
212,家人,7
213,18,7
214,b,7
215,硬,7
216,O器,7
217,所有人,7
218,父母,7
219,K遭,7
220,啦,7
221,美,7
222,F在,7
223,道歉,7
224,狠狠,7
225,揭穿,7
226,打_,7
227,Q定,7
228,根本,7
229,霸,7
230,叫,7
231,可能,7
232,相信,7
233,,7
234,送,7
235,大哥,7
236,中,7
237,包B,7
238,22,7
239,有人,7
240,@N,7
241,中,7
242,,7
243,事,7
244,？,7
245,男人,7
246,,6
247,一秒,6
248,那,6
249,警方,6
250,分手,6
251,不能,6
252,x奇,6
253,回,6
254,,6
255,比,6
256,成,6
257,以,6
258,刷,6
259,男童,6
260,手C,6
261,身分,6
262,不用,6
263,收到,6
264,到,6
265,走,6
266,大,6
267,傻,6
268,世界,6
269,一看,6
270,』,6
271,30,6
272,穿,6
273,竟是,6
274,小女孩,6
275,一次,6
276,什N,6
277,回家,6
278,成功,6
279,老,6
280,死亡,6
281,情H,6
282,事,6
283,抓,6
284,50,6
285,阿姨,6
286,『,6
287,撞,6
288,新娘,6
289,缶,6
290,泰,6
291,,6
292,信徒,6
293,政府,6
294,大生,6
295,祖,6
296,拍,6
297,17,6
298,,6
299,@是,6
300,老人,5
301,完,5
302,@,5
303,不想,5
304,不,5
305,公司,5
306,小弟,5
307,最美,5
308,千f,5
309,,5
310,一定,5
311,理由,5
312,l生,5
313,民,5
314,交往,5
315,次,5
316,200,5
317,,5
318,先,5
319,S,5
320,全身,5
321,回,5
322,丈夫,5
323,影片,5
324,表示,5
325,@人,5
326,起,5
327,判,5
328,出,5
329,眼尖,5
330,小r,5
331,Q,5
332,夫妻,5
333,14,5
334,100,5
335,60,5
336,Y,5
337,知名,5
338,私下,5
339,如此,5
340,救,5
341,,5
342,素,5
343,小心,5
344,路上,5
345,狠,5
346,Ψ,5
347,是,5
348,只是,5
349,多年,5
350,人士,5
351,]有,5
352,13,5
353,用,5
354,遭,5
355,,5
356,言,5
357,下跪,5
358,坐,5
359,曾,5
360,下,5
361,秒,5
362,心碎,5
363,＜,5
364,g,5
365,大哭,5
366,,5
367,楹,5
368,抱,5
369,彰化,5
370,?,5
371,玩,5
372,,5
373,H,5
374,台南,5
375,@呼,5
376,@N,5
377,y怪,5
378,透露,5
379,一幕,5
380,柯文,5
381,工作,5
382,台,5
383,W美,5
384,好市,5
385,,5
386,出F,5
387,犬,5
388,路,5
389,痛哭,5
390,u,5
391,肚子,4
392,直到,4
393,K,4
394,上吊,4
395,同W,4
396,公布,4
397,|密,4
398,悲痛,4
399,,4
400,,4
401,所有,4
402,刀,4
403,【,4
404,唐立,4
405,一半,4
406,忽然,4
407,可怕,4
408,傻子,4
409,小W生,4
410,所,4
411,全世界,4
412,@,4
413,狗狗,4
414,饶,4
415,高雄,4
416,傅,4
417,o理,4
418,擂,4
419,全家,4
420,新,4
421,拒^,4
422,生命,4
423,阿公,4
424,忍不住,4
425,行,4
426,合照,4
427,嫁o,4
428,裙子,4
429,】,4
430,得,4
431,回答,4
432,,4
433,而,4
434,求婚,4
435,Plus,4
436,,4
437,二代,4
438,最新,4
439,全都,4
440,一,4
441,怎N,4
442,55,4
443,K於,4
444,乾,4
445,越,4
446,六房,4
447,T工,4
448,@些,4
449,缺X,4
450,超商,4
451,B,4
452,阿伯,4
453,l,4
454,,4
455,花,4
456,,4
457,wC,4
458,只能,4
459,法拉利,4
460,假,4
461,靠,4
462,23,4
463,一生,4
464,盒,4
465,正,4
466,,4
467,司C,4
468,妹妹,4
469,公主,4
470,词,4
471,垃圾,4
472,服丈,4
473,|元,4
474,直播,4
475,遇到,4
476,噩,4
477,快,4
478,忘,4
479,女主播,4
480,有,4
481,嫌,4
482,按,4
483,母H,4
484,友,4
485,者,4
486,心急,4
487,拿出,4
488,半年,4
489,厚,4
490,父H,4
491,反,4
492,更,4
493,金,4
494,V,4
495,Line,4
496,鬼王,4
497,它,4
498,神,4
499,W生,4
500,,4
501,t院,4
502,獾,4
503,痛,4
504,rg,4
505,兄弟,4
506,24,4
507,全台,4
508,知情,4
509,婚Y,4
510,偷偷,4
511,拍照,4
512,出,4
513,PI,4
514,死前,4
515,,4
516,扯,4
517,超神,4
518,主管,4
519,@,4
520,妻子,4
521,I,4
522,,4
523,一下,4
524,@件,4
525,找到,4
526,肉,4
527,直,4
528,郭董,4
529,_始,4
530,上W,4
531,得知,4
532,看清楚,4
533,要死,4
534,豪宅,4
535,含I,4
536,淇,4
537,台大,4
538,某天,3
539,_出,3
540,下半身,3
541,澳洲,3
542,打坐,3
543,嘴巴,3
544,要r,3
545,之,3
546,一瞬,3
547,跳,3
548,房g,3
549,人妻,3
550,小男孩,3
551,消失,3
552,中肯,3
553,_,3
554,G,3
555,放,3
556,心,3
557,土豪,3
558,2500,3
559,置信,3
560,y,3
561,跪,3
562,n,3
563,爽,3
564,呼救,3
565,能,3
566,坦承,3
567,_刀,3
568,67,3
569,拳,3
570,日,3
571,Z,3
572,秘辛,3
573,超^,3
574,居,3
575,角^,3
576,X得,3
577,港姐,3
578,竟,3
579,遭到,3
580,老大,3
581,搞,3
582,第,3
583,突破,3
584,注意,3
585,推,3
586,21,3
587,砍,3
588,吐,3
589,,3
590,X,3
591,+,3
592,x_,3
593,下,3
594,起,3
595,手,3
596,中淡定,3
597,,3
598,差c,3
599,退回,3
600,街^,3
601,警局,3
602,一口,3
603,（,3
604,家,3
605,冰淇淋,3
606,工,3
607,z,3
608,只有,3
609,存款,3
610,出t,3
611,一,3
612,修理,3
613,街,3
614,一打,3
615,局妹,3
616,谒谷R斯,3
617,W路,3
618,心,3
619,因,3
620,社工,3
621,家,3
622,分,3
623,人民,3
624,O果,3
625,收入,3
626,分析,3
627,落I,3
628,@,3
629,t,3
630,化,3
631,全,3
632,模,3
633,跳,3
634,桌子,3
635,店家,3
636,爆料,3
637,,3
638,哈士奇,3
639,拍下,3
640,暴怒,3
641,剖腹,3
642,T士,3
643,吧,3
644,起底,3
645,窗,3
646,待,3
647,腿,3
648,o法,3
649,逼,3
650,成,3
651,LINE,3
652,不爽,3
653,36,3
654,96,3
655,o意g,3
656,獐,3
657,半夜,3
658,激,3
659,[,3
660,衣服,3
661,31,3
662,嘛,3
663,n,3
664,r,3
665,胞胎,3
666,哲,3
667,埋伏,3
668,流I,3
669,人T,3
670,相,3
671,立刻,3
672,U,3
673,狠揍,3
674,少年,3
675,生日,3
676,企I,3
677,兔,3
678,爸,3
679,其,3
680,照,3
681,下去,3
682,全家人,3
683,鬼,3
684,久,3
685,主,3
686,反,3
687,iPhone8,3
688,S,3
689,破T,3
690,正式,3
691,失,3
692,y^,3
693,出面,3
694,一人,3
695,路,3
696,近r,3
697,好友,3
698,公,3
699,借,3
700,偷吃,3
701,I,3
702,抱怨,3
703,逮捕,3
704,C,3
705,^L,3
706,600,3
707,I,3
708,喝,3
709,),3
710,炫耀,3
711,子,3
712,便宜,3
713,爆笑,3
714,一切都是,3
715,Ｘ,3
716,阿扁,3
717,住,3
718,25,3
719,神人,3
720,f照,3
721,拍手叫好,3
722,嵊湾,3
723,I,3
724,台北,3
725,,3
726,500,3
727,可,3
728,商店,3
729,,3
730,男生,3
731,年,3
732,女W生,3
733,p,3
734,自Q,3
735,岳母,3
736,,3
737,道,3
738,硪u,3
739,喊,3
740,）,3
741,宣布,3
742,C,3
743,放,3
744,紫衣,3
745,低,3
746,x婚,3
747,有片,3
748,⒑,3
749,黑道,3
750,,3
751,P,3
752,27,3
753,完全,3
754,P,3
755,令,3
756,1000,3
757,婚,3
758,公_,3
759,明年,3
760,,3
761,因此,3
762,不到,3
763,站,3
764,j,3
765,x手,3
766,看似,3
767,位,3
768,校@,3
769,(,3
770,一位,3
771,H友,3
772,揭l,3
773,е,3
774,@,3
775,打工,3
776,北n,3
777,烤肉,3
778,@名,3
779,判,3
780,翻白眼,3
781,女婿,3
782,鬼,3
783,姐姐,3
784,f元,3
785,男W生,3
786,睡,3
787,最後Y局,3
788,直,3
789,。,3
790,棺材,3
791,^,3
792,乩,3
793,hT,3
794,[客,3
795,不及,3
796,3000,3
797,店L,3
798,_局,3
799,出,3
800,喜,2
801,目拍,2
802,年後K,2
803,生下p,2
804,整整,2
805,扛,2
806,崩自,2
807,母子,2
808,不忍,2
809,粉z,2
810,,2
811,制止,2
812,女童,2
813,,2
814,不理,2
815,n入,2
816,探望,2
817,爽放半,2
818,金X豹,2
819,,2
820,不知,2
821,成,2
822,沉重,2
823,~,2
824,今世,2
825,x^,2
826,C智到,2
827,突l,2
828,@c,2
829,人家,2
830,身r,2
831,,2
832,一碗,2
833,摺,2
834,^世,2
835,喝酒,2
836,,2
837,劈,2
838,幼,2
839,家L,2
840,,2
841,岩,2
842,王,2
843,弱,2
844,_除,2
845,G了,2
846,山洞,2
847,算命,2
848,1600,2
849,C明,2
850,N,2
851,星座,2
852,受苦,2
853,暖,2
854,o奈,2
855,出去,2
856,有P,2
857,晚上,2
858,台北人,2
859,Wt,2
860,旗津,2
861,Fr,2
862,提醒,2
863,喊冤,2
864,求助,2
865,11,2
866,可以,2
867,本o,2
868,好受,2
869,看看,2
870,爆哭,2
871,!,2
872,l,2
873,大公,2
874,女人,2
875,各N,2
876,獾,2
877,F,2
878,L,2
879,匙,2
880,_,2
881,Q,2
882,出身,2
883,尿,2
884,_人,2
885,挖角,2
886,五百,2
887,死因,2
888,o我,2
889,中港,2
890,一,2
891,40,2
892,眼R,2
893,　,2
894,,2
895,身,2
896,怒告,2
897,超@喜,2
898,t,2
899,友人,2
900,高峰,2
901,地下,2
902,PT,2
903,B後lF,2
904,生啃女,2
905,哭V,2
906,Ｄ,2
907,立委,2
908,希望,2
909,①者,2
910,o人,2
911,引l,2
912,像,2
913,{出,2
914,害,2
915,大方,2
916,桌上,2
917,事隔,2
918,最好,2
919,留下,2
920,自首,2
921,,2
922,f,2
923,32,2
924,羞,2
925,深夜,2
926,三分,2
927,FA,2
928,大胃,2
929,梗,2
930,fI,2
931,妹,2
932,H,2
933,清,2
934,》,2
935,火e,2
936,皮,2
937,y,2
938,超K,2
939,熟客,2
940,_水,2
941,_J,2
942,叫好,2
943,女,2
944,z,2
945,不看,2
946,十年,2
947,p失,2
948,投V,2
949,超@,2
950,直,2
951,掌勺,2
952,街上,2
953,外,2
954,妹子,2
955,流下,2
956,r,2
957,漂亮,2
958,跨界,2
959,@次,2
960,走位,2
961,,2
962,回台,2
963,,2
964,盲,2
965,庹,2
966,到,2
967,lj,2
968,@X,2
969,H密,2
970,食物,2
971,模,2
972,Oz,2
973,^望,2
974,,2
975,坎坷,2
976,S,2
977,三星,2
978,o士,2
979,到底,2
980,35,2
981,化,2
982,U,2
983,捷\站,2
984,屋主,2
985,智障,2
986,教授,2
987,肥宅,2
988,p,2
989,x,2
990,法官,2
991,XD,2
992,致死,2
993,底下,2
994,名媛,2
995,心寒,2
996,爬,2
997,拔掉,2
998,裁,2
999,毛骨悚然,2
1000,天使,2
1001,,2
1002,受害者,2
1003,h,2
1004,思h,2
1005,D,2
1006,五分,2
1007,f,2
1008,不,2
1009,女老,2
1010,@,2
1011,水果,2
1012,心情,2
1013,,2
1014,回到,2
1015,,2
1016,年p,2
1017,在,2
1018,熟,2
1019,事I,2
1020,挺,2
1021,}Q,2
1022,下,2
1023,吠,2
1024,成人,2
1025,不M,2
1026,G,2
1027,热,2
1028,目,2
1029,瓦斯,2
1030,冷汗直流,2
1031,r竟,2
1032,姊姊,2
1033,幸妤,2
1034,危U,2
1035,一米,2
1036,敢,2
1037,承Z,2
1038,恨,2
1039,埃及,2
1040,影,2
1041,,2
1042,做出,2
1043,高中,2
1044,w,2
1045,穿衣服,2
1046,竹,2
1047,狗肉,2
1048,逃亡,2
1049,上,2
1050,天道盟,2
1051,前女友,2
1052,欺,2
1053,不,2
1054,破裂,2
1055,女荷,2
1056,哥,2
1057,便,2
1058,自,2
1059,土,2
1060,男伴,2
1061,竹,2
1062,降{,2
1063,公墓,2
1064,爽滑,2
1065,身r百|,2
1066,冷血,2
1067,慈,2
1068,遭起底,2
1069,Note,2
1070,父,2
1071,紫色,2
1072,市L,2
1073,五年,2
1074,v,2
1075,,2
1076,一q,2
1077,腹腔,2
1078,@句,2
1079,FB,2
1080,Y,2
1081,超扯,2
1082,_定,2
1083,拜,2
1084,假,2
1085,白痴,2
1086,不可,2
1087,l布,2
1088,y,2
1089,碛,2
1090,富翁,2
1091,y座,2
1092,油,2
1093,超,2
1094,攻略,2
1095,急忙,2
1096,小o士,2
1097,一天,2
1098,多少,2
1099,RK,2
1100,改,2
1101,9000,2
1102,落得,2
1103,美P,2
1104,重生,2
1105,莫名,2
1106,o,2
1107,勇Z,2
1108,Wt竟,2
1109,直Q,2
1110,丈用,2
1111,拍片,2
1112,警告,2
1113,被服,2
1114,外,2
1115,,2
1116,近,2
1117,害怕,2
1118,,2
1119,女,2
1120,^^,2
1121,眼睛,2
1122,台中市,2
1123,舞d,2
1124,,2
1125,只用,2
1126,子,2
1127,_u,2
1128,刮,2
1129,老母,2
1130,客,2
1131,面,2
1132,碗,2
1133,女王,2
1134,踹,2
1135,理智,2
1136,早餐,2
1137,I,2
1138,相J,2
1139,出家,2
1140,功能,2
1141,D,2
1142,悚,2
1143,f,2
1144,第一,2
1145,精神,2
1146,凵,2
1147,超美,2
1148,今年,2
1149,碛息,2
1150,囚禁,2
1151,JC,2
1152,前夫,2
1153,超像,2
1154,,2
1155,^海P,2
1156,向家,2
1157,逼真,2
1158,一r,2
1159,合法,2
1160,高_,2
1161,各,2
1162,p身,2
1163,兵,2
1164,美少女,2
1165,祝福,2
1166,淋,2
1167,起,2
1168,不^,2
1169,牧,2
1170,啤酒,2
1171,社,2
1172,自,2
1173,美女,2
1174,看著,2
1175,人,2
1176,]得,2
1177,超狂,2
1178,W友力,2
1179,排休,2
1180,座,2
1181,推爆,2
1182,豪A,2
1183,躺,2
1184,《,2
1185,去世,2
1186,]事,2
1187,死刑,2
1188,i,2
1189,自取,2
1190,上海,2
1191,go,2
1192,春,2
1193,已L,2
1194,XX,2
1195,座位,2
1196,,2
1197,超美,2
1198,恩怨,2
1199,嫁,2
1200,L年,2
1201,珍妮,2
1202,]叫,2
1203,白目,2
1204,批u,2
1205,94,2
1206,徵才,2
1207,z影C,2
1208,淡,2
1209,,2
1210,凌晨,2
1211,耳光,2
1212,z影,2
1213,通知,2
1214,全球,2
1215,念^,2
1216,e士,2
1217,朝}m,2
1218,W上,2
1219,弟子,2
1220,一刀,2
1221,因不M,2
1222,y,2
1223,警l,2
1224,CALL,2
1225,`,2
1226,人桌,2
1227,_心,2
1228,大住,2
1229,生L,2
1230,怕,2
1231,75,2
1232,工S,2
1233,求救,2
1234,揍,2
1235,不起V,2
1236,想不到,2
1237,一子,2
1238,你家,2
1239,得意,2
1240,Z,2
1241,卡,2
1242,w,2
1243,成,2
1244,事後s,2
1245,_房,2
1246,不,2
1247,留,2
1248,N心,2
1249,金牌,2
1250,99,2
1251,w,2
1252,野生,2
1253,2018,2
1254,一晚,2
1255,紊,2
1256,送到,2
1257,三年,2
1258,n,2
1259,查出,2
1260,小屁孩,2
1261,回,2
1262,地上,2
1263,除,2
1264,酃,2
1265,同伴,2
1266,多出,2
1267,,2
1268,Y局,2
1269,M梯,2
1270,奶茶,2
1271,四海,2
1272,目睹,2
1273,板,2
1274,醉,2
1275,落荒而逃,2
1276,立即,2
1277,,2
1278,地震,2
1279,搭,2
1280,一名,2
1281,亮c,2
1282,料,2
1283,白,2
1284,瓶,2
1285,寒毛,2
1286,地z,2
1287,踩,2
1288,]救,2
1289,DK,2
1290,李,2
1291,T,2
1292,以,2
1293,拒,2
1294,,2
1295,自助餐,2
1296,DNA,2
1297,真,2
1298,80,2
1299,,2
1300,每次,2
1301,副,2
1302,情,2
1303,e,2
1304,年後奇,2
1305,,2
1306,68,2
1307,郭子,2
1308,胎,2
1309,|,2
1310,北,2
1311,t,2
1312,死者,2
1313,香港,2
1314,最浪M,2
1315,美元,2
1316,,2
1317,水泥工,2
1318,下落,2
1319,插,2
1320,手法,2
1321,高薪,2
1322,JI,2
1323,再也,2
1324,家中,2
1325,各,2
1326,比死,2
1327,猿,2
1328,甜美,2
1329,e,2
1330,可,2
1331,花,2
1332,一大,2
1333,破,2
1334,星,2
1335,吻,2
1336,提出,2
1337,浴室,2
1338,,2
1339,蛇,2
1340,揪心,2
1341,由,2
1342,人,2
1343,人,2
1344,,2
1345,超霸,2
1346,,2
1347,身份,2
1348,歌手,2
1349,r,2
1350,王八蛋,2
1351,]嘴,2
1352,少子,2
1353,春光,2
1354,聚,2
1355,越南,2
1356,成就,2
1357,a才,2
1358,Z出,2
1359,Md,2
1360,神秘,2
1361,金太少,2
1362,已,2
1363,中,2
1364,八旬,2
1365,一年,2
1366,下,2
1367,入校,2
1368,史上,2
1369,被,2
1370,而已,2
1371,陪,2
1372,神l展,2
1373,,2
1374,之下,2
1375,下山,2
1376,,2
1377,行李箱,2
1378,跳下,2
1379,建h,2
1380,fK,2
1381,BMW,2
1382,但是,2
1383,O,2
1384,so,2
1385,遭虐,2
1386,初,2
1387,字,2
1388,公分,2
1389,期g,2
1390,生前,2
1391,矍,2
1392,刑,2
1393,,2
1394,猛,2
1395,朋友,2
1396,c,2
1397,悲,2
1398,T,2
1399,英,2
1400,仇,2
1401,一家,2
1402,H,2
1403,隔天,2
1404,自,2
1405,反,2
1406,度,2
1407,默默,2
1408,搜出,2
1409,仔,2
1410,p生,2
1411,毒,2
1412,~牌,2
1413,孕D,2
1414,n票,2
1415,偷走,2
1416,掀桌,2
1417,x世,2
1418,始K,2
1419,e拉花,2
1420,nx手,2
1421,Q怕,2
1422,F,2
1423,要o,2
1424,一_,2
1425,混然,2
1426,差,2
1427,往生,2
1428,s,2
1429,身亡,2
1430,用餐,2
1431,上演,2
1432,放在,2
1433,五,2
1434,u,2
1435,N,2
1436,善款,2
1437,本,2
1438,踢,2
1439,h佩A,2
1440,定,2
1441,,2
1442,不得了,2
1443,中部,2
1444,出席,2
1445,全部,2
1446,泰利,2
1447,神教,2
1448,,2
1449,憾,2
1450,43,2
1451,{c,2
1452,空姐,2
1453,客人,2
1454,r,2
1455,捐,2
1456,知,2
1457,生活,2
1458,假日,2
1459,排名,2
1460,明白,2
1461,上,2
1462,]放,2
1463,真面目,2
1464,B,2
1465,剩,2
1466,192,2
1467,主人,2
1468,快,2
1469,^,2
1470,阿哳I,2
1471,e愕,2
1472,t,2
1473,最辣,2
1474,,2
1475,白匝喟,2
1476,名人,2
1477,f出,2
1478,37,2
1479,90,2
1480,逐u,2
1481,以上,2
1482,教官,2
1483,大,2
1484,收,2
1485,S到,2
1486,好心,2
1487,跌破,2
1488,打馔,2
1489,小型,2
1490,^,2
1491,提告,2
1492,父,2
1493,乘客,2
1494,下台,2
1495,上班,2
1496,,2
1497,房|,2
1498,爆,2
1499,4000,2
1500,全班,2
1501,一致,2
1502,服,2
1503,哇,2
1504,牛肉,2
1505,李朝永,2
1506,案犯,2
1507,反,2
1508,停止,2
1509,裳,2
1510,男孩,2
1511,K死,2
1512,捷\,2
1513,r,2
1514,各地,2
1515,心痛,2
1516,先,2
1517,拐,2
1518,事情,2
1519,一,2
1520,起床,2
1521,c,2
1522,美食,2
1523,周[,2
1524,正面,1
1525,榨乾,1
1526,蟒蛇,1
1527,咬,1
1528,小事,1
1529,奄奄一息,1
1530,J出,1
1531,露,1
1532,,1
1533,被判,1
1534,地勤,1
1535,嫂,1
1536,字,1
1537,反哺,1
1538,主,1
1539,方向,1
1540,左_,1
1541,反^,1
1542,W校,1
1543,MH370,1
1544,O子,1
1545,澡出,1
1546,免M,1
1547,p站,1
1548,文吧,1
1549,秘密,1
1550,,1
1551,Q回,1
1552,S,1
1553,提案,1
1554,引路,1
1555,a,1
1556,醉客,1
1557,吻镞h,1
1558,坦言,1
1559,回^,1
1560,W友,1
1561,比,1
1562,民g,1
1563,,1
1564,v谒谷R斯,1
1565,王,1
1566,美,1
1567,乾,1
1568,n,1
1569,打,1
1570,_r,1
1571,不下,1
1572,心病,1
1573,之屋,1
1574,伊朗,1
1575,十|台,1
1576,代收,1
1577,女主人,1
1578,不,1
1579,У,1
1580,椭,1
1581,D照,1
1582,{言,1
1583,@屁孩,1
1584,I身,1
1585,X光,1
1586,甜喊,1
1587,掐,1
1588,n,1
1589,募Y,1
1590,海u,1
1591,[桌,1
1592,n,1
1593,男崩,1
1594,^,1
1595,落跑,1
1596,腰,1
1597,x美,1
1598,去,1
1599,狂y,1
1600,wC,1
1601,谴禾,1
1602,y道T警,1
1603,故意,1
1604,保住,1
1605,,1
1606,普渡,1
1607,的,1
1608,嫁不出去,1
1609,|京,1
1610,大嗑,1
1611,B,1
1612,全因,1
1613,四口,1
1614,V告,1
1615,,1
1616,遭,1
1617,中校,1
1618,夫,1
1619,受虐,1
1620,著,1
1621,企I家,1
1622,胖子,1
1623,老[民不,1
1624,八c,1
1625,倒,1
1626,泡,1
1627,真,1
1628,@,1
1629,尺度,1
1630,公立,1
1631,太掉,1
1632,屁股,1
1633,,1
1634,H爸,1
1635,冰箱,1
1636,]人敢,1
1637,高智商,1
1638,真是,1
1639,睡R路,1
1640,QK,1
1641,腥税,1
1642,上,1
1643,49,1
1644,作弊,1
1645,Bt生,1
1646,位,1
1647,,1
1648,佛像,1
1649,架,1
1650,一K,1
1651,肌,1
1652,奶奶,1
1653,年薪,1
1654,拿A,1
1655,zw,1
1656,超跑T警,1
1657,睡著,1
1658,G,1
1659,王子,1
1660,反S,1
1661,一身,1
1662,又,1
1663,K於要,1
1664,嫁出去,1
1665,解Q,1
1666,胸罩,1
1667,禁止,1
1668,言腥,1
1669,拿起,1
1670,上街,1
1671,千元,1
1672,拍扁,1
1673,一杯,1
1674,著用,1
1675,洗完,1
1676,救y,1
1677,^完,1
1678,受L,1
1679,炔,1
1680,y,1
1681,真要,1
1682,倒地,1
1683,38,1
1684,看C件,1
1685,三大C,1
1686,最高,1
1687,惹,1
1688,下水,1
1689,C器,1
1690,v妹,1
1691,r,1
1692,大l,1
1693,遭,1
1694,大一,1
1695,x,1
1696,恢,1
1697,阿卿,1
1698,之H,1
1699,a假,1
1700,巨木,1
1701,身旁,1
1702,水u,1
1703,牛排,1
1704,爆裂,1
1705,_,1
1706,中外,1
1707,倍,1
1708,娥,1
1709,出差,1
1710,l直,1
1711,第四胎,1
1712,超吸睛,1
1713,婚後,1
1714,{,1
1715,另,1
1716,原,1
1717,m葛,1
1718,人用,1
1719,不成,1
1720,琳恩,1
1721,山{,1
1722,已,1
1723,上,1
1724,看,1
1725,歧,1
1726,遍布,1
1727,被迫,1
1728,神,1
1729,吟首,1
1730,盲c,1
1731,精算,1
1732,作用,1
1733,感,1
1734,果然,1
1735,小抄,1
1736,呱,1
1737,落,1
1738,一堆,1
1739,羞辱,1
1740,{座,1
1741,令人,1
1742,藏著,1
1743,祈求,1
1744,兆元,1
1745,子女,1
1746,年大W,1
1747,城否,1
1748,解答,1
1749,中,1
1750,真人真事,1
1751,,1
1752,理所,1
1753,@行,1
1754,告知,1
1755,O,1
1756,到,1
1757,易懂,1
1758,[,1
1759,Wt律,1
1760,Y物,1
1761,答,1
1762,走近,1
1763,中大,1
1764,碎,1
1765,保全,1
1766,一f人,1
1767,出,1
1768,做,1
1769,首次,1
1770,阂,1
1771,局K,1
1772,M地,1
1773,文,1
1774,流a竟,1
1775,十大,1
1776,舅舅,1
1777,超毒,1
1778,航警,1
1779,F的,1
1780,汪峰,1
1781,mi,1
1782,嘟^,1
1783,吼,1
1784,酷,1
1785,不出,1
1786,大袋,1
1787,拜拜,1
1788,大逆D,1
1789,怪不怪,1
1790,首,1
1791,摸,1
1792,,1
1793,忍K,1
1794,一代,1
1795,l生,1
1796,豹,1
1797,{,1
1798,小,1
1799,接受,1
1800,伸手,1
1801,成,1
1802,棠,1
1803,罩杯,1
1804,跳出,1
1805,下L,1
1806,屁孩越,1
1807,年後街^,1
1808,,1
1809,大波,1
1810,出^天,1
1811,s快,1
1812,撞成,1
1813,^香,1
1814,@g,1
1815,蛇,1
1816,白M,1
1817,行,1
1818,男,1
1819,,1
1820,供B,1
1821,瘦,1
1822,@r,1
1823,埋葬,1
1824,54,1
1825,训,1
1826,M面,1
1827,,1
1828,死,1
1829,主打,1
1830,孝感,1
1831,一上,1
1832,中富,1
1833,z忘,1
1834,169,1
1835,台北市,1
1836,H,1
1837,翻天,1
1838,出T,1
1839,跳,1
1840,清,1
1841,比丘尼,1
1842,y道,1
1843,IB,1
1844,常,1
1845,徵s,1
1846,包子,1
1847,71,1
1848,遭Z,1
1849,解救,1
1850,李新,1
1851,@模,1
1852,R,1
1853,捐出,1
1854,他,1
1855,yP,1
1856,胸部,1
1857,凹槽,1
1858,心疼,1
1859,塞,1
1860,曝,1
1861,不住,1
1862,下限,1
1863,普通工人,1
1864,h,1
1865,相撞,1
1866,生悲,1
1867,沛,1
1868,分割,1
1869,自我,1
1870,u^,1
1871,活,1
1872,跌,1
1873,那,1
1874,步,1
1875,翻,1
1876,^人,1
1877,交通,1
1878,面有,1
1879,怒提,1
1880,f生,1
1881,外面,1
1882,r阻,1
1883,3600,1
1884,未M,1
1885,烤,1
1886,砩r,1
1887,他,1
1888,r代,1
1889,250,1
1890,偷腥,1
1891,生,1
1892,X,1
1893,提高,1
1894,心酸,1
1895,r,1
1896,l黑,1
1897,店u,1
1898,XF,1
1899,哭,1
1900,偷拍,1
1901,遭I,1
1902,三商巧福,1
1903,婆婆,1
1904,警,1
1905,店T竟,1
1906,新房,1
1907,霸王,1
1908,e,1
1909,人立,1
1910,吸允,1
1911,o知,1
1912,竟L,1
1913,坪,1
1914,中g,1
1915,一清,1
1916,政,1
1917,可望,1
1918,,1
1919,⒖,1
1920,低迷,1
1921,玻璃,1
1922,霜淇淋,1
1923,小管,1
1924,依照,1
1925,K,1
1926,玩,1
1927,他用,1
1928,批,1
1929,忍o可,1
1930,下水道,1
1931,共犯,1
1932,趴,1
1933,自由,1
1934,出u,1
1935,U,1
1936,新店,1
1937,山口,1
1938,,1
1939,洗,1
1940,好好先生,1
1941,,1
1942,救命,1
1943,招牌,1
1944,果粉,1
1945,心,1
1946,逆u,1
1947,_d,1
1948,s,1
1949,木椅,1
1950,^,1
1951,捕@,1
1952,高雄,1
1953,不禁,1
1954,婊子,1
1955,她K,1
1956,,1
1957,魔鬼,1
1958,演圈,1
1959,批,1
1960,你好,1
1961,痛R,1
1962,傲,1
1963,姊夫,1
1964,加盟,1
1965,惠,1
1966,S,1
1967,e的,1
1968,P了,1
1969,身中,1
1970,“,1
1971,受^,1
1972,心到B,1
1973,商@,1
1974,打,1
1975,Z伯斯,1
1976,p,1
1977,票,1
1978,毒,1
1979,金Ow翊佑,1
1980,,1
1981,一P,1
1982,p,1
1983,身家,1
1984,印度,1
1985,提供,1
1986,χ,1
1987,o人敢,1
1988,天天,1
1989,分庭,1
1990,[成,1
1991,光Z,1
1992,h女,1
1993,I笑,1
1994,美容,1
1995,r捷,1
1996,R,1
1997,M,1
1998,恩言,1
1999,退休,1
2000,餐,1
2001,利,1
2002,跪著,1
2003,同一,1
2004,,1
2005,哥,1
2006,旁人,1
2007,接,1
2008,@方,1
2009,送行,1
2010,_,1
2011,嫌怨,1
2012,Gl,1
2013,,1
2014,不I,1
2015,海e,1
2016,H戚,1
2017,超p,1
2018,安zr,1
2019,自M,1
2020,X,1
2021,勇敢,1
2022,ol件o,1
2023,偷拔,1
2024,超猛,1
2025,p收,1
2026,老,1
2027,I^,1
2028,碰到,1
2029,厚肉膜,1
2030,P出,1
2031,q孕,1
2032,百f,1
2033,JP,1
2034,W漫,1
2035,甜l,1
2036,震撼,1
2037,大手,1
2038,三{,1
2039,之力,1
2040,工Y,1
2041,何要,1
2042,不寒而,1
2043,威{,1
2044,拍打,1
2045,F,1
2046,豪,1
2047,巯,1
2048,就是,1
2049,r凵,1
2050,NBA,1
2051,彷,1
2052,煎,1
2053,一,1
2054,外露,1
2055,植物,1
2056,官W,1
2057,小心翼翼,1
2058,,1
2059,小甜甜,1
2060,但亮c,1
2061,後台,1
2062,泣V,1
2063,M,1
2064,任[客,1
2065,房租,1
2066,糗,1
2067,建中,1
2068,n到,1
2069,估,1
2070,W斯卡,1
2071,感到,1
2072,S喜,1
2073,,1
2074,日起,1
2075,能,1
2076,sL,1
2077,太霸,1
2078,年t,1
2079,神力,1
2080,斗笠,1
2081,多f,1
2082,\T力C,1
2083,精神分裂症,1
2084,I收破,1
2085,家,1
2086,GI,1
2087,然,1
2088,醒,1
2089,狂酸,1
2090,控V,1
2091,妻亮,1
2092,一座,1
2093,升天,1
2094,逃跑,1
2095,K於s,1
2096,太F,1
2097,程,1
2098,l竟,1
2099,女伴,1
2100,二千,1
2101,F,1
2102,前,1
2103,髌,1
2104,它c,1
2105,服展,1
2106,接到,1
2107,App,1
2108,旅[,1
2109,dc,1
2110,自爆,1
2111,{嫁,1
2112,克肝K,1
2113,抬起,1
2114,名法,1
2115,盲c,1
2116,鞒,1
2117,超商大I,1
2118,淘I,1
2119,刺向,1
2120,加,1
2121,放手,1
2122,整台,1
2123,]人要,1
2124,商寄,1
2125,游@,1
2126,更K,1
2127,不,1
2128,剪,1
2129,]人X,1
2130,,1
2131,古老,1
2132,羁″,1
2133,超,1
2134,^火,1
2135,打,1
2136,手gM,1
2137,取出,1
2138,[居,1
2139,,1
2140,小城,1
2141,人掉,1
2142,掩面,1
2143,y免,1
2144,1.2,1
2145,抽,1
2146,哪,1
2147,玩命,1
2148,wootalk,1
2149,清工,1
2150,穿t衣,1
2151,染Y,1
2152,徵,1
2153,D,1
2154,成L,1
2155,店,1
2156,op,1
2157,丁,1
2158,上W,1
2159,解,1
2160,把手,1
2161,用大i,1
2162,Td,1
2163,本,1
2164,林P,1
2165,倬,1
2166,指像,1
2167,喜事,1
2168,字字,1
2169,有什N,1
2170,h,1
2171,予以,1
2172,_多快,1
2173,推出,1
2174,大力,1
2175,致富,1
2176,I超,1
2177,技巧,1
2178,撞,1
2179,B看,1
2180,最h,1
2181,商a,1
2182,反D控,1
2183,重,1
2184,一卡通,1
2185,探L,1
2186,追,1
2187,爸是,1
2188,身材,1
2189,黑,1
2190,O控,1
2191,150,1
2192,o,1
2193,直,1
2194,_幕,1
2195,那天,1
2196,武器,1
2197,杯,1
2198,T用,1
2199,工具,1
2200,停路,1
2201,未申,1
2202,登,1
2203,不,1
2204,前三名,1
2205,重拾,1
2206,找,1
2207,中S,1
2208,公告,1
2209,萱,1
2210,保母,1
2211,不,1
2212,x拔,1
2213,老h,1
2214,清,1
2215,淘汰,1
2216,美叮美,1
2217,I,1
2218,大快人心,1
2219,造,1
2220,盯上,1
2221,地球,1
2222,老太太,1
2223,大,1
2224,做事,1
2225,私生,1
2226,自拍,1
2227,整容,1
2228,忠仁忠x,1
2229,卡到,1
2230,~茶妹,1
2231,少冰,1
2232,高,1
2233,美人,1
2234,李永朝,1
2235,翻桌,1
2236,眷村,1
2237,3140x10,1
2238,主Z,1
2239,千多,1
2240,堵塞,1
2241,]花,1
2242,台[,1
2243,完r,1
2244,嫌h,1
2245,_T,1
2246,不停,1
2247,０,1
2248,花M,1
2249,牛奶,1
2250,招,1
2251,哿,1
2252,螫,1
2253,提h,1
2254,不幸,1
2255,老爸,1
2256,M成,1
2257,什N,1
2258,嫩肉,1
2259,千金,1
2260,不供,1
2261,超有,1
2262,更o言,1
2263,泳衣,1
2264,引爆,1
2265,尿液,1
2266,,1
2267,下,1
2268,N,1
2269,正x魔,1
2270,肉色,1
2271,I,1
2272,小,1
2273,自己,1
2274,遭父,1
2275,表F,1
2276,修正,1
2277,村民,1
2278,]用,1
2279,L尿流,1
2280,A尾,1
2281,崾,1
2282,o地,1
2283,六十年,1
2284,哲霸,1
2285,q,1
2286,地~,1
2287,食品,1
2288,64,1
2289,清德,1
2290,垃圾桶,1
2291,年後竟,1
2292,留,1
2293,膨,1
2294,疑惑,1
2295,海r,1
2296,耍,1
2297,屋,1
2298,[,1
2299,l生署,1
2300,T警,1
2301,C制,1
2302,鬼影,1
2303,力挺,1
2304,未婚,1
2305,榔,1
2306,犹,1
2307,再三,1
2308,胡瓜,1
2309,老[民,1
2310,中大,1
2311,揭_,1
2312,吣,1
2313,302,1
2314,整理,1
2315,西,1
2316,天@X,1
2317,B人,1
2318,回覆,1
2319,群M,1
2320,客,1
2321,把,1
2322,W笑,1
2323,但,1
2324,B隋,1
2325,隔壁,1
2326,太x奇,1
2327,左D,1
2328,男方,1
2329,位子,1
2330,仍,1
2331,p肥,1
2332,磨,1
2333,5700,1
2334,@e,1
2335,@t,1
2336,l下,1
2337,出血,1
2338,比,1
2339,z查後竟,1
2340,,1
2341,岳父,1
2342,心切,1
2343,茼蒿,1
2344,家暴,1
2345,僵硬,1
2346,^美,1
2347,,1
2348,堡,1
2349,善,1
2350,客要,1
2351,嫩妹,1
2352,,1
2353,型,1
2354,,1
2355,告e式,1
2356,痛到,1
2357,不x,1
2358,王何,1
2359,退掉,1
2360,用捷,1
2361,,1
2362,公e,1
2363,早,1
2364,46,1
2365,_,1
2366,e,1
2367,列印,1
2368,一l,1
2369,教室,1
2370,大病,1
2371,取件,1
2372,秀出,1
2373,通L,1
2374,尼泊,1
2375,原本,1
2376,砸,1
2377,大W,1
2378,他花,1
2379,埔,1
2380,馀e,1
2381,程老,1
2382,43KG,1
2383,成果,1
2384,刺青,1
2385,接B,1
2386,f,1
2387,kR上,1
2388,60k,1
2389,^,1
2390,冒死,1
2391,新,1
2392,母校,1
2393,雨天,1
2394,曾持,1
2395,原,1
2396,,1
2397,纱,1
2398,薪Y,1
2399,美得,1
2400,自嘲,1
2401,光^,1
2402,光想,1
2403,y,1
2404,活,1
2405,蜜桃,1
2406,笑,1
2407,售r,1
2408,哥哥,1
2409,e起,1
2410,A雪乳,1
2411,槊,1
2412,吸毒,1
2413,,1
2414,同仁,1
2415,爆教,1
2416,害,1
2417,上岸,1
2418,嫩,1
2419,桃@,1
2420,阿,1
2421,容照,1
2422,,1
2423,自作自受,1
2424,相C,1
2425,各大信,1
2426,李坤城,1
2427,T工,1
2428,105,1
2429,逆天,1
2430,p,1
2431,神扯,1
2432,充,1
2433,M出,1
2434,流x,1
2435,短跑,1
2436,@,1
2437,纛^,1
2438,o,1
2439,屹p,1
2440,文,1
2441,出水,1
2442,^身,1
2443,膜,1
2444,提Z狂,1
2445,Bw,1
2446,狂,1
2447,妙g,1
2448,大,1
2449,扣,1
2450,中,1
2451,妙,1
2452,眉毛,1
2453,SOP,1
2454,台,1
2455,白o,1
2456,行,1
2457,打得,1
2458,格,1
2459,,1
2460,超棒,1
2461,水^,1
2462,多人,1
2463,抖,1
2464,砂石,1
2465,遭酒,1
2466,音,1
2467,最後,1
2468,吃,1
2469,傻,1
2470,整l,1
2471,李嘉\狂,1
2472,牛,1
2473,送o,1
2474,多久,1
2475,航,1
2476,宿I,1
2477,平r,1
2478,狂R,1
2479,二言,1
2480,W,1
2481,毒,1
2482,世大\,1
2483,X,1
2484,警,1
2485,小金人,1
2486,玩具,1
2487,,1
2488,L,1
2489,最後K,1
2490,盯,1
2491,有些,1
2492,出生,1
2493,偻,1
2494,迎,1
2495,狠]X,1
2496,不保,1
2497,割掉,1
2498,p北人,1
2499,^父,1
2500,拉住,1
2501,p,1
2502,待遇,1
2503,悲,1
2504,喇叭,1
2505,f假,1
2506,@太狂,1
2507,交情,1
2508,^去,1
2509,退,1
2510,偷奶,1
2511,雨水,1
2512,天一,1
2513,921,1
2514,不H,1
2515,警政,1
2516,楷J,1
2517,校方,1
2518,Mt院,1
2519,辛酸,1
2520,\,1
2521,,1
2522,符,1
2523,p手,1
2524,作,1
2525,o,1
2526,掀_,1
2527,典,1
2528,情路,1
2529,四年,1
2530,超猛,1
2531,板,1
2532,哭,1
2533,Q人,1
2534,逼著,1
2535,恐^,1
2536,,1
2537,景美,1
2538,因\,1
2539,T洗,1
2540,指,1
2541,,1
2542,往北,1
2543,@幕,1
2544,多WW,1
2545,至今,1
2546,理,1
2547,人Q,1
2548,渣,1
2549,展_超,1
2550,商量,1
2551,供父,1
2552,M入,1
2553,o,1
2554,珍奶,1
2555,v,1
2556,AM家a,1
2557,最,1
2558,上山下海,1
2559,f人,1
2560,六合,1
2561,放生,1
2562,麻醉,1
2563,美貌,1
2564,^光,1
2565,除了,1
2566,W@,1
2567,不孝,1
2568,罹癌,1
2569,大喊,1
2570,交,1
2571,小r,1
2572,泰迪交o,1
2573,受到,1
2574,作息,1
2575,110,1
2576,,1
2577,金~,1
2578,右,1
2579,找,1
2580,屎尿,1
2581,z方,1
2582,店名,1
2583,洗版,1
2584,J林靖,1
2585,甘,1
2586,爽娶,1
2587,tO,1
2588,渴,1
2589,偕,1
2590,契合,1
2591,,1
2592,老伯伯,1
2593,FK,1
2594,自,1
2595,T,1
2596,臭味,1
2597,幻想,1
2598,蠕,1
2599,受,1
2600,椅子,1
2601,逼,1
2602,a品,1
2603,υ,1
2604,世世代代,1
2605,赴,1
2606,扇,1
2607,叮,1
2608,陶偶,1
2609,誓,1
2610,外星,1
2611,绦,1
2612,@家,1
2613,扔掉,1
2614,天班,1
2615,u度,1
2616,成O,1
2617,庚,1
2618,旗,1
2619,鼓鼓的,1
2620,隋棠,1
2621,度假,1
2622,l大蛇,1
2623,lU文,1
2624,杜拜,1
2625,整艘,1
2626,r刻,1
2627,w,1
2628,高速公路,1
2629,碰,1
2630,扇朔,1
2631,西,1
2632,140,1
2633,活得,1
2634,民,1
2635,W,1
2636,息,1
2637,狂,1
2638,烈,1
2639,筒,1
2640,真,1
2641,l,1
2642,成,1
2643,{n,1
2644,拿癖,1
2645,F,1
2646,被B,1
2647,不快,1
2648,W美遭,1
2649,_g,1
2650,崦,1
2651,氧夤,1
2652,_滑,1
2653,四季春,1
2654,～,1
2655,P伤,1
2656,所,1
2657,鹤映,1
2658,婚姻,1
2659,美化,1
2660,意k,1
2661,SONY,1
2662,落入,1
2663,回敬,1
2664,棵,1
2665,甩p生,1
2666,冰斗,1
2667,po,1
2668,w^,1
2669,,1
2670,搜l,1
2671,更衣室,1
2672,完,1
2673,模,1
2674,大盟,1
2675,救出,1
2676,41,1
2677,赫,1
2678,黏,1
2679,好,1
2680,加薪,1
2681,句,1
2682,打扮,1
2683,高材生,1
2684,嘲笑,1
2685,矩,1
2686,]差,1
2687,怒,1
2688,危C,1
2689,林,1
2690,表兄弟,1
2691,刁y,1
2692,薰,1
2693,商在,1
2694,O禁,1
2695,R^,1
2696,容易,1
2697,光光,1
2698,家拜L,1
2699,坐霄,1
2700,@`,1
2701,我纛^,1
2702,不吃不喝,1
2703,痛,1
2704,重出江湖,1
2705,超怒,1
2706,@得,1
2707,深入,1
2708,整晚,1
2709,,1
2710,靠北,1
2711,的^,1
2712,凋x,1
2713,菜,1
2714,走秀,1
2715,左,1
2716,服役,1
2717,出手,1
2718,]落,1
2719,神回,1
2720,\@,1
2721,o旅^T工,1
2722,偷g,1
2723,哭成,1
2724,有意,1
2725,天\徵大夜,1
2726,罹y,1
2727,F,1
2728,自容,1
2729,l,1
2730,各大,1
2731,啜泣,1
2732,翘,1
2733,整年,1
2734,太花,1
2735,少o,1
2736,菲,1
2737,竟,1
2738,台中,1
2739,榉,1
2740,躏L,1
2741,夜景,1
2742,菲律e,1
2743,走火入魔,1
2744,主荧I,1
2745,趴下,1
2746,眼神,1
2747,@,1
2748,ǘ,1
2749,人,1
2750,{小,1
2751,循,1
2752,,1
2753,整形,1
2754,尿急,1
2755,得,1
2756,挽留,1
2757,睹,1
2758,妻神j,1
2759,王,1
2760,中[,1
2761,炸_,1
2762,P在,1
2763,站,1
2764,W神,1
2765,y怪北,1
2766,Seafood,1
2767,超跑,1
2768,喝道,1
2769,人知,1
2770,暴牙,1
2771,主P,1
2772,表白,1
2773,明明,1
2774,@招c,1
2775,超大,1
2776,後W,1
2777,X,1
2778,卵管,1
2779,28,1
2780,Co罪,1
2781,斡H,1
2782,一e,1
2783,Q心,1
2784,]好,1
2785,城,1
2786,B,1
2787,射,1
2788,,1
2789,周董,1
2790,不再,1
2791,遇上,1
2792,住,1
2793,P,1
2794,最差,1
2795,A,1
2796,死刑犯,1
2797,毫不留情,1
2798,良心,1
2799,保s,1
2800,tQ,1
2801,不得好死,1
2802,提款卡,1
2803,33,1
2804,批l,1
2805,t毯,1
2806,25K,1
2807,前,1
2808,官T,1
2809,L友,1
2810,B副,1
2811,rK,1
2812,蠹,1
2813,被捕,1
2814,t,1
2815,面目全非,1
2816,屁孩大[,1
2817,C肇,1
2818,c,1
2819,出世,1
2820,⒓,1
2821,o,1
2822,睡前,1
2823,{情,1
2824,名流,1
2825,名震,1
2826,生就,1
2827,才,1
2828,y色,1
2829,身,1
2830,女孩子,1
2831,l怒,1
2832,超邪,1
2833,全台首,1
2834,C,1
2835,小六生,1
2836,c幸,1
2837,栽E,1
2838,t洗,1
2839,悠[卡,1
2840,不收,1
2841,替亡,1
2842,_,1
2843,家提,1
2844,ou,1
2845,用途,1
2846,P言要,1
2847,r衫,1
2848,l表,1
2849,大事,1
2850,一,1
2851,五次,1
2852,F身,1
2853,l生P,1
2854,O,1
2855,w越,1
2856,啕,1
2857,一兆,1
2858,快,1
2859,o,1
2860,Ip,1
2861,爆I,1
2862,豪A名,1
2863,一面,1
2864,大仔,1
2865,率,1
2866,失,1
2867,四,1
2868,塞妊,1
2869,碳,1
2870,欠,1
2871,С,1
2872,出P,1
2873,x,1
2874,展出,1
2875,全靠,1
2876,佛祖,1
2877,登山,1
2878,彼此,1
2879,超,1
2880,四c,1
2881,累c,1
2882,J,1
2883,爆父,1
2884,n籍,1
2885,自撞,1
2886,d,1
2887,案,1
2888,,1
2889,含IV,1
2890,求,1
2891,奇葩,1
2892,只u,1
2893,屁,1
2894,一群,1
2895,口罩,1
2896,暴富,1
2897,上y後竟,1
2898,CPR,1
2899,保r捷,1
2900,凵,1
2901,乖,1
2902,怪病,1
2903,指印,1
2904,奔,1
2905,,1
2906,臀,1
2907,m爆,1
2908,欲^,1
2909,,1
2910,百封,1
2911,R,1
2912,冒,1
2913,揭_超,1
2914,美德,1
2915,路人,1
2916,若,1
2917,直入,1
2918,J人,1
2919,大W,1
2920,何不,1
2921,超I,1
2922,一件,1
2923,Jt,1
2924,太K,1
2925,女[泳,1
2926,,1
2927,警戒,1
2928,剿,1
2929,玄C,1
2930,重量,1
2931,婚照,1
2932,肉,1
2933,信,1
2934,北捷,1
2935,生爆,1
2936,困,1
2937,打翻,1
2938,天爆,1
2939,,1
2940,淋料,1
2941,Jp,1
2942,L流,1
2943,市r,1
2944,失,1
2945,手邮,1
2946,狂逼U,1
2947,拾金不昧,1
2948,追到,1
2949,新衣,1
2950,禁照,1
2951,男下,1
2952,批,1
2953,,1
2954,一步,1
2955,,1
2956,溺水,1
2957,u,1
2958,割,1
2959,教科,1
2960,中,1
2961,女,1
2962,,1
2963,造孽,1
2964,啡,1
2965,堪Q,1
2966,H身,1
2967,@球,1
2968,富士康,1
2969,小模,1
2970,倒推,1
2971,出,1
2972,集Y,1
2973,怪事,1
2974,撕裂,1
2975,16K,1
2976,通,1
2977,有加,1
2978,不然,1
2979,原形,1
2980,M失,1
2981,脑,1
2982,行人,1
2983,不,1
2984,白衣,1
2985,@NP,1
2986,掉落,1
2987,高,1
2988,酸,1
2989,t,1
2990,柯,1
2991,另一名,1
2992,森林,1
2993,只花,1
2994,沉甸甸,1
2995,r格,1
2996,65kg,1
2997,K生,1
2998,小妹,1
2999,致政,1
3000,北一女,1
3001,]舆^,1
3002,aD,1
3003,撞死,1
3004,笮,1
3005,打招呼,1
3006,缺,1
3007,爆表,1
3008,百姓,1
3009,^,1
3010,躲不了,1
3011,家T口,1
3012,眼皮,1
3013,反,1
3014,屋,1
3015,最有,1
3016,傻瓜,1
3017,考上,1
3018,猿之,1
3019,私立高中,1
3020,去,1
3021,r村,1
3022,暗算,1
3023,偷喝,1
3024,老天,1
3025,成百f,1
3026,知R,1
3027,u,1
3028,消息,1
3029,抽搐,1
3030,逃到,1
3031,P山,1
3032,李坤,1
3033,唏u,1
3034,A,1
3035,工人,1
3036,不明,1
3037,子,1
3038,w,1
3039,B小三,1
3040,本,1
3041,n妹,1
3042,狂炫,1
3043,公斤,1
3044,W,1
3045,,1
3046,求W,1
3047,中共,1
3048,痛,1
3049,大怒,1
3050,玻璃心,1
3051,偷,1
3052,富商,1
3053,]幕,1
3054,摔,1
3055,P,1
3056,I崩,1
3057,付,1
3058,渴,1
3059,,1
3060,此r,1
3061,最像,1
3062,M愧,1
3063,障,1
3064,但,1
3065,搜,1
3066,外u,1
3067,傻成,1
3068,弟弟,1
3069,,1
3070,推_,1
3071,廊,1
3072,收上,1
3073,一罐,1
3074,做法,1
3075,C,1
3076,安匪,1
3077,慈善家,1
3078,|邀,1
3079,下海,1
3080,界,1
3081,最正,1
3082,H,1
3083,竟,1
3084,甜蜜,1
3085,菜色,1
3086,卡x境,1
3087,停,1
3088,牙X,1
3089,清一清,1
3090,腹部,1
3091,癌末,1
3092,O督,1
3093,瓶子,1
3094,W者,1
3095,八字,1
3096,含恨,1
3097,不敢想像,1
3098,光I,1
3099,了解,1
3100,病床,1
3101,潮女,1
3102,不J,1
3103,服,1
3104,l,1
3105,m,1
3106,中二F,1
3107,手,1
3108,客C,1
3109,uZ,1
3110,履v,1
3111,揭露,1
3112,月入,1
3113,,1
3114,w慕,1
3115,不妙,1
3116,免r,1
3117,aM,1
3118,小r候,1
3119,A仔花,1
3120,修杰,1
3121,喝到,1
3122,中立,1
3123,同W,1
3124,祖R,1
3125,,1
3126,流出,1
3127,指出,1
3128,R,1
3129,下花,1
3130,W友捕,1
3131,冠希,1
3132,狂p,1
3133,y身,1
3134,接下,1
3135,急,1
3136,W冬爆,1
3137,人,1
3138,H,1
3139,,1
3140,曲,1
3141,候,1
3142,小三照,1
3143,影,1
3144,因獒h,1
3145,出行,1
3146,司,1
3147,I袖,1
3148,旁,1
3149,竟遭,1
3150,行,1
3151,高妹,1
3152,年WM,1
3153,太低,1
3154,超人,1
3155,Je,1
3156,代步,1
3157,另,1
3158,r~,1
3159,得主,1
3160,L】,1
3161,人口,1
3162,小弟弟,1
3163,班花,1
3164,名,1
3165,@下,1
3166,狂炮,1
3167,物店,1
3168,泰人,1
3169,127,1
3170,明晚,1
3171,I走,1
3172,拉包,1
3173,人妖,1
3174,Gigi,1
3175,好好,1
3176,氐,1
3177,屁孩I,1
3178,宣,1
3179,海娜,1
3180,帝,1
3181,o名,1
3182,大姐,1
3183,,1
3184,H收M,1
3185,竟犯,1
3186,34,1
3187,到,1
3188,心x,1
3189,再,1
3190,放,1
3191,迎接,1
3192,白^,1
3193,人T,1
3194,播,1
3195,e,1
3196,H欺,1
3197,一巴掌,1
3198,w,1
3199,意,1
3200,竟B,1
3201,阿哌^,1
3202,外衣,1
3203,娃k,1
3204,仁治,1
3205,三,1
3206,油T,1
3207,大n,1
3208,B,1
3209,忠\度,1
3210,放大,1
3211,^得,1
3212,重金,1
3213,午睡,1
3214,86%,1
3215,只,1
3216,限期,1
3217,鼓,1
3218,一律,1
3219,完整,1
3220,第二,1
3221,,1
3222,王,1
3223,大,1
3224,收藏,1
3225,IKEA,1
3226,拆解,1
3227,自,1
3228,警探,1
3229,最後,1
3230,致敬,1
3231,^T口,1
3232,像是,1
3233,存活,1
3234,回,1
3235,已久,1
3236,麂N,1
3237,周末,1
3238,放M,1
3239,找妙,1
3240,太`,1
3241,同性,1
3242,皮A,1
3243,中W大W,1
3244,l尿,1
3245,川普,1
3246,土狗,1
3247,教育,1
3248,主用,1
3249,荒,1
3250,新C,1
3251,三次,1
3252,何其,1
3253,^敏,1
3254,一小,1
3255,逐,1
3256,扶,1
3257,高,1
3258,厝岢,1
3259,寡D,1
3260,Daz,1
3261,淡定,1
3262,B三,1
3263,重C,1
3264,成千,1
3265,船,1
3266,祖L,1
3267,意想不到,1
3268,新生,1
3269,i^,1
3270,球,1
3271,{衣,1
3272,下嫁,1
3273,然,1
3274,去逛,1
3275,l票,1
3276,不g,1
3277,面,1
3278,糟糕,1
3279,冷,1
3280,雨,1
3281,”,1
3282,大佬,1
3283,美金,1
3284,每半小r,1
3285,得不到,1
3286,居,1
3287,Gc,1
3288,真正,1
3289,手臂,1
3290,百家,1
3291,F後才,1
3292,真佛,1
3293,I控,1
3294,D界,1
3295,偷b,1
3296,,1
3297,全,1
3298,命案,1
3299,名,1
3300,盒,1
3301,I,1
3302,限速,1
3303,o故,1
3304,堂主,1
3305,成,1
3306,金字塔,1
3307,RK,1
3308,回,1
3309,集合,1
3310,玩手,1
3311,感毫,1
3312,冰,1
3313,,1
3314,需索,1
3315,|f,1
3316,l展,1
3317,後悔,1
3318,他路,1
3319,一,1
3320,我怒,1
3321,位,1
3322,右_,1
3323,建,1
3324,狂打,1
3325,新竹,1
3326,C子,1
3327,有天,1
3328,等到,1
3329,不忍心,1
3330,油色,1
3331,y嫁,1
3332,感佑H,1
3333,一夜,1
3334,y,1
3335,辣椒,1
3336,出W生,1
3337,接一,1
3338,了,1
3339,起V,1
3340,社群,1
3341,竟K,1
3342,工程,1
3343,快感,1
3344,修女,1
3345,旅^T工,1
3346,超F,1
3347,懂,1
3348,下苦,1
3349,看不下去,1
3350,每每,1
3351,偷情,1
3352,冷笑,1
3353,宛如,1
3354,不o,1
3355,出超,1
3356,定,1
3357,不好惹,1
3358,旅[照,1
3359,竟鞒,1
3360,巨星,1
3361,三大,1
3362,大概,1
3363,未婚夫,1
3364,累,1
3365,暴露,1
3366,性感,1
3367,嘴,1
3368,三位,1
3369,山寨,1
3370,]x,1
3371,\,1
3372,lCo,1
3373,安全措施,1
3374,模特,1
3375,是,1
3376,~,1
3377,手掌心,1
3378,竟以,1
3379,癌胞,1
3380,遭y,1
3381,空,1
3382,放不放,1
3383,棒打,1
3384,,1
3385,D多,1
3386,E用,1
3387,博基尼,1
3388,屁屁,1
3389,S,1
3390,一袋,1
3391,抗菌,1
3392,所L,1
3393,警消,1
3394,偷光,1
3395,W友,1
3396,f想,1
3397,一毛,1
3398,k,1
3399,神,1
3400,昂F,1
3401,早上,1
3402,462,1
3403,一旦,1
3404,纫,1
3405,W_,1
3406,g室,1
3407,震@,1
3408,只收,1
3409,市值,1
3410,小薄夜,1
3411,O限,1
3412,l用,1
3413,自家,1
3414,T口,1
3415,_口,1
3416,背大w,1
3417,o痛,1
3418,只要,1
3419,榆,1
3420,一_口,1
3421,天,1
3422,j食,1
3423,落漆,1
3424,B,1
3425,生意,1
3426,@t生,1
3427,,1
3428,鬼氏,1
3429,最後有,1
3430,o鹤,1
3431,奈何,1
3432,,1
3433,形U,1
3434,爽,1
3435,低落,1
3436,70,1
3437,\,1
3438,三立,1
3439,哲市,1
3440,善事,1
3441,狂笑,1
3442,A,1
3443,吐血,1
3444,挺孕肚,1
3445,]品,1
3446,,1
3447,巨蛋,1
3448,趴地,1
3449,小r,1
3450,汽C,1
3451,葬身火海,1
3452,眼I,1
3453,f助後才,1
3454,首位,1
3455,Q能,1
3456,月薪,1
3457,tM,1
3458,逛展,1
3459,集F,1
3460,好像,1
3461,I,1
3462,信,1
3463,身靠,1
3464,入海,1
3465,冷o,1
3466,,1
3467,咧,1
3468,包,1
3469,金O,1
3470,超v究,1
3471,_,1
3472,,1
3473,S商,1
3474,主嫌,1
3475,器,1
3476,,1
3477,大,1
3478,2017,1
3479,IV,1
3480,^部,1
3481,_到,1
3482,出,1
3483,]X付,1
3484,,1
3485,社役,1
3486,爽I,1
3487,wB,1
3488,越聊,1
3489,困惑,1
3490,大出血,1
3491,否J,1
3492,K患,1
3493,豆沙包,1
3494,千f超,1
3495,破口,1
3496,佬,1
3497,N膜,1
3498,F聚,1
3499,,1
3500,年H,1
3501,暗中,1
3502,e,1
3503,便,1
3504,林豪,1
3505,死光,1
3506,{著,1
3507,舒爽,1
3508,天前,1
3509,^承,1
3510,超好,1
3511,教徒,1
3512,1080,1
3513,BT,1
3514,平常,1
3515,是,1
3516,被扣,1
3517,冥婚,1
3518,o照,1
3519,展_,1
3520,跟O,1
3521,S刺,1
3522,大吃,1
3523,,1
3524,髡f,1
3525,堂堂,1
3526,流鼻血,1
3527,算,1
3528,,1
3529,保冰,1
3530,包吃包住,1
3531,@F,1
3532,安安,1
3533,e面,1
3534,o度,1
3535,回瞬g,1
3536,二十,1
3537,偷看,1
3538,歪,1
3539,博圩秀,1
3540,c了,1
3541,J不出,1
3542,超感x,1
3543,硬,1
3544,幸\@,1
3545,禁用,1
3546,主持人,1
3547,x,1
3548,q成,1
3549,每月,1
3550,W拍S,1
3551,棒球,1
3552,壑,1
3553,S便,1
3554,啼哭,1
3555,`J小,1
3556,不U,1
3557,TM,1
3558,to,1
3559,皇族,1
3560,酒後c,1
3561,吻,1
3562,淇,1
3563,告I者,1
3564,用神招,1
3565,不曾,1
3566,U,1
3567,效,1
3568,戴,1
3569,生在,1
3570,扣留,1
3571,B房,1
3572,融洽,1
3573,V,1
3574,_店,1
3575,空少o,1
3576,不{不G,1
3577,男配角,1
3578,l,1
3579,{,1
3580,,1
3581,母女,1
3582,ｉL,1
3583,目瞪口呆,1
3584,,1
3585,@悚照,1
3586,救下,1
3587,教^,1
3588,速限,1
3589,\公,1
3590,怪怪的,1
3591,收受,1
3592,月底,1
3593,妻,1
3594,存X,1
3595,渴望,1
3596,逆D,1
3597,鄣,1
3598,W巴R,1
3599,去,1
3600,不R,1
3601,只靠,1
3602,一,1
3603,暴打,1
3604,{查後竟,1
3605,夜店,1
3606,踩^,1
3607,,1
3608,害死,1
3609,早,1
3610,看e,1
3611,信,1
3612,男Y婚,1
3613,形容,1
3614,台,1
3615,逃出,1
3616,到手,1
3617,意,1
3618,@大,1
3619,拿走,1
3620,I流,1
3621,,1
3622,未婚妻,1
3623,免,1
3624,抓包,1
3625,瞎妹,1
3626,W友花,1
3627,天ro持,1
3628,音,1
3629,小海,1
3630,欠,1
3631,孕,1
3632,英政府,1
3633,相,1
3634,^m,1
3635,超H民,1
3636,健康,1
3637,戒指,1
3638,前去,1
3639,P,1
3640,再,1
3641,冰,1
3642,,1
3643,退伍,1
3644,,1
3645,元},1
3646,640,1
3647,Y,1
3648,去向,1
3649,人永h,1
3650,可,1
3651,造型,1
3652,衣,1
3653,名,1
3654,暗藏,1
3655,M,1
3656,C,1
3657,深思,1
3658,美,1
3659,l民神,1
3660,一刻,1
3661,狙羰,1
3662,Pu,1
3663,君,1
3664,L趣,1
3665,之快,1
3666,,1
3667,W揭,1
3668,萌,1
3669,超傲,1
3670,C,1
3671,教,1
3672,幅,1
3673,心冷要,1
3674,出[,1
3675,{,1
3676,台商,1
3677,分辨,1
3678,oO限,1
3679,明天,1
3680,漫,1
3681,弄,1
3682,O,1
3683,生,1
3684,蛇,1
3685,就要,1
3686,回,1
3687,髀,1
3688,小黑,1
3689,Y新g,1
3690,W友,1
3691,W友I,1
3692,鸱,1
3693,洗澡,1
3694,涯,1
3695,唐伯虎,1
3696,假新,1
3697,史,1
3698,CEO,1
3699,K,1
3700,超毛,1
3701,,1
3702,z,1
3703,水管,1
3704,林,1
3705,rX,1
3706,嵝,1
3707,出一,1
3708,感激,1
3709,p峰,1
3710,世文,1
3711,悔,1
3712,他後悔,1
3713,自,1
3714,灌胎,1
3715,搞,1
3716,匙,1
3717,T到,1
3718,黑c,1
3719,膳,1
3720,豪Z,1
3721,幕,1
3722,@l,1
3723,年近,1
3724,,1
3725,某天K,1
3726,700,1
3727,上,1
3728,活下,1
3729,T,1
3730,@,1
3731,棒,1
3732,一夕,1
3733,晚,1
3734,分成,1
3735,_朗,1
3736,,1
3737,爸,1
3738,,1
3739,肝癌,1
3740,爆t,1
3741,幼@,1
3742,一己,1
3743,大兄,1
3744,,1
3745,名利,1
3746,狗,1
3747,肇事者,1
3748,店e,1
3749,,1
3750,自,1
3751,獒崦,1
3752,和尚,1
3753,幼稚,1
3754,那英,1
3755,一到,1
3756,蛋,1
3757,,1
3758,藏,1
3759,A,1
3760,遭肉,1
3761,璩,1
3762,生,1
3763,手,1
3764,身w,1
3765,勾,1
3766,迫f段,1
3767,震,1
3768,mK,1
3769,`,1
3770,制,1
3771,理,1
3772,nr,1
3773,名,1
3774,2014,1
3775,暴力,1
3776,黑色,1
3777,物品,1
3778,F半糖,1
3779,u高r,1
3780,@天,1
3781,比^,1
3782,',1
3783,H眼,1
3784,伸_,1
3785,FFD,1
3786,冤案,1
3787,Y物,1
3788,冷,1
3789,白包,1
3790,,1
3791,偷,1
3792,期限,1
3793,快,1
3794,留,1
3795,即,1
3796,老年人,1
3797,小姐,1
3798,阻止,1
3799,牛津,1
3800,了I,1
3801,最鄣,1
3802,海P,1
3803,雒,1
3804,o零X,1
3805,超硬,1
3806,替,1
3807,分局,1
3808,考,1
3809,,1
3810,⑦x,1
3811,景象,1
3812,I,1
3813,多元,1
3814,件,1
3815,休,1
3816,獾眉,1
3817,w,1
3818,必,1
3819,避孕,1
3820,竟翻,1
3821,栩栩如生,1
3822,探U,1
3823,豪T,1
3824,L波,1
3825,研究所,1
3826,生a,1
3827,地^,1
3828,澄清,1
3829,人人,1
3830,洪水,1
3831,,1
3832,年後R,1
3833,r要,1
3834,悟空,1
3835,老l,1
3836,超正,1
3837,,1
3838,W友酸,1
3839,主耶,1
3840,,1
3841,欣慰,1
3842,大W生,1
3843,酷似,1
3844,W友神,1
3845,完工,1
3846,助理,1
3847,打死,1
3848,薯l,1
3849,^吊,1
3850,口舌,1
3851,,1
3852,fe士,1
3853,歪掉,1
3854,同W狂,1
3855,Wt公_,1
3856,欺,1
3857,信件,1
3858,份u排,1
3859,孝子,1
3860,超_心,1
3861,王水溶,1
3862,Ｐ,1
3863,⒗,1
3864,班上,1
3865,Y束,1
3866,,1
3867,^,1
3868,|^,1
3869,香吻,1
3870,控制,1
3871,W,1
3872,喊著,1
3873,不必,1
3874,放海,1
3875,只,1
3876,拯救,1
3877,戳,1
3878,一串,1
3879,命\,1
3880,老是,1
3881,中流,1
3882,B,1
3883,三天,1
3884,妙U夫D,1
3885,BC票,1
3886,遇,1
3887,失,1
3888,身世,1
3889,送大Y,1
3890,教父,1
3891,抗Y,1
3892,用F,1
3893,店,1
3894,在家,1
3895,昆,1
3896,移由,1
3897,,1
3898,整,1
3899,男痛,1
3900,蚊子,1
3901,1.4,1
3902,男,1
3903,滑手,1
3904,嘉x,1
3905,挑x,1
3906,布料,1
3907,],1
3908,才能,1
3909,q,1
3910,同情,1
3911,_彩,1
3912,童星,1
3913,西人,1
3914,,1
3915,油漆,1
3916,半,1
3917,P^,1
3918,乞,1
3919,,1
3920,阿婆,1
3921,成,1
3922,承J,1
3923,I水,1
3924,u成,1
3925,_眼,1
3926,老鼠,1
3927,P,1
3928,度蜜月,1
3929,封史,1
3930,p哥,1
3931,UNIQLO,1
3932,一招,1
3933,不如,1
3934,加一加,1
3935,_保,1
3936,o,1
3937,一路,1
3938,聊天,1
3939,@到,1
3940,少年犯,1
3941,八仙,1
3942,送T工,1
3943,紫,1
3944,流落,1
3945,桌,1
3946,十天,1
3947,池,1
3948,消M,1
3949,亮t,1
3950,Gogoro,1
3951,ux,1
3952,黎姿,1
3953,@子,1
3954,ae度,1
3955,婚,1
3956,急送,1
3957,阿姑,1
3958,木柱,1
3959,_,1
3960,冷汗,1
3961,大,1
3962,疏忽,1
3963,木杞,1
3964,怎,1
3965,至O,1
3966,d^,1
3967,一c,1
3968,F,1
3969,子,1
3970,不行,1
3971,一,1
3972,女表子,1
3973,^,1
3974,理,1
3975,三代,1
3976,太疼,1
3977,青,1
3978,N文,1
3979,真多,1
3980,店,1
3981,^火r,1
3982,珍珠,1
3983,移,1
3984,〖,1
3985,富少,1
3986,薪水,1
3987,告白,1
3988,娘,1
3989,|北L,1
3990,哈哈,1
3991,YouTuber,1
3992,M,1
3993,j,1
3994,混,1
3995,|窗,1
3996,敏,1
3997,s下,1
3998,霸子,1
3999,狂新,1
4000,加大,1
4001,其,1
4002,三明治,1
4003,,1
4004,,1
4005,是,1
4006,男主角,1
4007,K拉,1
4008,器官,1
4009,冷清,1
4010,,1
4011,],1
4012,金,1
4013,_r,1
4014,神,1
4015,1500,1
4016,百大,1
4017,期待,1
4018,李宗瑞,1
4019,Z,1
4020,e^,1
4021,然,1
4022,眼看,1
4023,激娱_,1
4024,某,1
4025,RIP,1
4026,同,1
4027,老才,1
4028,大理石,1
4029,Z尤,1
4030,一般,1
4031,一把,1
4032,凶宅,1
4033,上班族,1
4034,,1
4035,解除,1
4036,女司C,1
4037,,1
4038,假幼,1
4039,{位,1
4040,8500,1
4041,I,1
4042,熟女,1
4043,酸民怒,1
4044,P床,1
4045,X,1
4046,辣,1
4047,迷得,1
4048,放B,1
4049,外送,1
4050,笑,1
4051,超高,1
4052,m,1
4053,留字,1
4054,知己,1
4055,名Q,1
4056,拿香,1
4057,受害,1
4058,D,1
4059,T,1
4060,兄妹,1
4061,,1
4062,施,1
4063,人眼,1
4064,接,1
4065,不需,1
4066,主牌,1
4067,大,1
4068,迷你裙,1
4069,委屈,1
4070,竟,1
4071,抱著,1
4072,有,1
4073,亡夫,1
4074,^,1
4075,激怒,1
4076,影,1
4077,I,1
4078,天r,1
4079,wP,1
4080,平民,1
4081,九f,1
4082,棒,1
4083,冰霸杯,1
4084,破屋,1
4085,竟b,1
4086,,1
4087,诟,1
4088,o良,1
4089,1860,1
4090,接生,1
4091,I力,1
4092,c子,1
4093,29,1
4094,可t,1
4095,怪,1
4096,外出,1
4097,B,1
4098,耍,1
4099,少奶奶,1
4100,追不上,1
4101,每,1
4102,妖物,1
4103,l出,1
4104,文青女,1
4105,|西o,1
4106,直,1
4107,梅m妮,1
4108,W友c,1
4109,否t,1
4110,打卡,1
4111,上,1
4112,流行,1
4113,谕,1
4114,身上,1
4115,官司,1
4116,新鞋,1
4117,x子,1
4118,市^,1
4119,⑹,1
4120,s死,1
4121,存,1
4122,不治,1
4123,High,1
4124,{阅,1
4125,女聊,1
4126,想要,1
4127,技g,1
4128,放上,1
4129,狂,1
4130,rX,1
4131,,1
4132,靖恩,1
4133,文,1
4134,人超,1
4135,得,1
4136,月租,1
4137,屁孩爸,1
4138,果真,1
4139,巧克力,1
4140,{咒,1
4141,超d^,1
4142,救生,1
4143,好K,1
4144,草,1
4145,千fe,1
4146,爆M,1
4147,力量,1
4148,徵台,1
4149,一旁,1
4150,捕捉,1
4151,喜g,1
4152,董事,1
4153,],1
4154,陷入,1
4155,洞洞,1
4156,烈日,1
4157,N片,1
4158,S多人,1
4159,被P,1
4160,董座,1
4161,如,1
4162,上n,1
4163,普通,1
4164,y,1
4165,外婆,1
4166,房客,1
4167,_,1
4168,整,1
4169,2687,1
4170,微笑,1
4171,cn,1
4172,捐o,1
4173,ur,1
4174,刺激,1
4175,fW友,1
4176,救,1
4177,抬^,1
4178,今天,1
4179,,1
4180,,1
4181,,1
4182,累到,1
4183,Y,1
4184,婚生子,1
4185,七q,1
4186,手求,1
4187,好,1
4188,o力,1
4189,救活,1
4190,遭_,1
4191,快逃,1
4192,判六福村,1
4193,三q,1
4194,太^,1
4195,梵音,1
4196,立R,1
4197,超模,1
4198,口袋,1
4199,芭比,1
4200,蜂群,1
4201,信妙,1
4202,房,1
4203,跳,1
4204,一球,1
4205,蟑螂,1
4206,乐,1
4207,,1
4208,美腿,1
4209,Galaxy,1
4210,@一,1
4211,良t,1
4212,跪求,1
4213,f要,1
4214,G,1
4215,逮人,1
4216,流向,1
4217,o所,1
4218,政商,1
4219,:,1
4220,太x,1
4221,行,1
4222,江湖,1
4223,感恩,1
4224,小生,1
4225,收^,1
4226,雪花,1
4227,最大,1
4228,病患,1
4229,,1
4230,世人,1
4231,找回,1
4232,`,1
4233,添,1
4234,出後善,1
4235,嶙h,1
4236,冰店,1
4237,四大家族,1
4238,救,1
4239,盆e,1
4240,救起,1
4241,海,1
4242,援交,1
4243,能o,1
4244,袷牢,1
4245,y,1
4246,@喜,1
4247,唾,1
4248,局竟,1
4249,t,1
4250,妻藏,1
4251,最y,1
4252,NG,1
4253,q,1
4254,酸民,1
4255,本以,1
4256,GG,1
4257,池,1
4258,受困,1
4259,了,1
4260,最後妻,1
4261,下班,1
4262,,1
4263,健保署,1
4264,娘神,1
4265,放M,1
4266,空盒,1
4267,恨,1
4268,一D,1
4269,oR蓉,1
4270,多重,1
4271,不起,1
4272,有成,1
4273,得超,1
4274,眼前,1
4275,超[,1
4276,深圳,1
4277,作家,1
4278,碾死,1
4279,X,1
4280,建,1
4281,追求,1
4282,好,1
4283,龊仙,1
4284,G包,1
4285,春,1
4286,作片,1
4287,不f,1
4288,假扮,1
4289,怒s,1
4290,性,1
4291,肉感,1
4292,D,1
4293,客,1
4294,街,1
4295,,1
4296,晚餐,1
4297,今,1
4298,掉,1
4299,小子,1
4300,大,1
4301,市茁,1
4302,I珍奶,1
4303,不了,1
4304,熟菜,1
4305,金~,1
4306,蒸l,1
4307,改x,1
4308,都,1
4309,第一夫人,1
4310,放W,1
4311,C,1
4312,再放,1
4313,o,1
4314,包k,1
4315,斫,1
4316,,1
4317,拆穿,1
4318,,1
4319,退率,1
4320,酒{,1
4321,天,1
4322,服毒,1
4323,警察局,1
4324,O女K,1
4325,@招,1
4326,竟哭V,1
4327,芭,1
4328,表示同意,1
4329,,1
4330,告V,1
4331,女棋手,1
4332,放火,1
4333,WC,1
4334,最近,1
4335,林靖恩怒,1
4336,人g,1
4337,下,1
4338,,1
4339,退,1
4340,大全,1
4341,你F,1
4342,童,1
4343,ISIS,1
4344,植牙t,1
4345,理理,1
4346,隆起,1
4347,主,1
4348,一通,1
4349,拖累,1
4350,H鄣,1
4351,活,1
4352,後,1
4353,冷冷,1
4354,制服,1
4355,姨,1
4356,所,1
4357,day,1
4358,分,1
4359,扁家,1
4360,天冷,1
4361,平安,1
4362,,1
4363,非小三,1
4364,麻豆,1
4365,不好,1
4366,放到,1
4367,挽救,1
4368,主到,1
4369,早就,1
4370,i,1
4371,C大,1
4372,簿,1
4373,坌墓P,1
4374,跑,1
4375,求子,1
4376,z言,1
4377,多多,1
4378,超oX,1
4379,官方,1
4380,IG,1
4381,教,1
4382,婆家,1
4383,F工,1
4384,全市,1
4385,大夜班,1
4386,,1
4387,G下,1
4388,撤,1
4389,狒[,1
4390,T神,1
4391,{查,1
4392,]月,1
4393,救援,1
4394,悲K,1
4395,骨折,1
4396,不X,1
4397,光碟,1
4398,仙,1
4399,破案,1
4400,守候,1
4401,Zo雯,1
4402,,1
4403,_,1
4404,超市,1
4405,,1
4406,,1
4407,全,1
4408,_不起,1
4409,痛苦,1
4410,犯,1
4411,S,1
4412,李嘉\幕,1
4413,漆,1
4414,_底,1
4415,想通,1
4416,全U,1
4417,T,1
4418,,1
4419,t不治,1
4420,阿,1
4421,躲,1
4422,K,1
4423,A,1
4424,抽,1
4425,上T,1
4426,暗,1
4427,如,1
4428,修D,1
4429,F,1
4430,D人痛,1
4431,I,1
4432,套房,1
4433,拎,1
4434,金OL,1
4435,玉郎,1
4436,嫂子,1
4437,女歌手,1
4438,硬,1
4439,瓢,1
4440,入葬,1
4441,需,1
4442,玷@,1
4443,米老鼠,1
4444,大忌,1
4445,太扯,1
4446,冷回,1
4447,展,1
4448,Υ,1
4449,5.3,1
4450,玩,1
4451,笫颤N,1
4452,有心,1
4453,上前,1
4454,融化,1
4455,,1
4456,爆炸,1
4457,l健,1
4458,正要,1
4459,W,1
4460,|家a,1
4461,版,1
4462,seafood,1
4463,清炒,1
4464,一支,1
4465,D人,1
4466,能爽,1
4467,打_,1
4468,不要命,1
4469,0.39,1
4470,已,1
4471,孕妻,1
4472,破解,1
4473,q_莉,1
4474,故事,1
4475,外後低,1
4476,,1
4477,工x,1
4478,入山,1
4479,7.3,1
4480,我,1
4481,],1
4482,癖,1
4483,可,1
4484,rB,1
4485,重要,1
4486,出嫁,1
4487,穿透明,1
4488,L,1
4489,共,1
4490,生物,1
4491,x介,1
4492,博圩,1
4493,搞笑,1
4494,後i,1
4495,@才,1
4496,恩r,1
4497,辛苦,1
4498,投,1
4499,成名,1
4500,爆出,1
4501,不破,1
4502,新任,1
4503,沙,1
4504,|,1
4505,怒,1
4506,曝,1
4507,北大,1
4508,l福部,1
4509,^太爽,1
4510,JR,1
4511,提x,1
4512,只好,1
4513,喜c,1
4514,炫富,1
4515,豹堂,1
4516,遭,1
4517,水扁,1
4518,痛批,1
4519,棒棒,1
4520,K,1
4521,皇帝,1
4522,@魂,1
4523,心血,1
4524,U物,1
4525,面具,1
4526,富,1
4527,{味奶,1
4528,[m,1
4529,被W,1
4530,我照,1
4531,面前,1
4532,正版,1
4533,理法,1
4534,成林,1
4535,WL,1
4536,射死,1
4537,H密照,1
4538,竟^,1
4539,起^部,1
4540,共享,1
4541,不,1
4542,命,1
4543,屁孩w,1
4544,固,1
4545,f人,1
4546,f天r,1
4547,痛心,1
4548,M高雄,1
4549,如果,1
4550,失I父,1
4551,妊,1
4552,不起,1
4553,A,1
4554,崔佩x,1
4555,肚痛,1
4556,ui,1
4557,送,1
4558,,1
4559,消防局,1
4560,S下,1
4561,拳王,1
4562,失主,1
4563,幸\,1
4564,猝死,1
4565,Y,1
4566,天才,1
4567,九成,1
4568,,1
4569,整R,1
4570,,1
4571,老s民,1
4572,一空,1
4573,失,1
4574,中邪,1
4575,踢死,1
4576,他o,1
4577,理,1
4578,o,1
4579,比登,1
4580,滑倒,1
4581,,1
4582,Ay,1
4583,下,1
4584,F今,1
4585,散,1
4586,老奶奶,1
4587,求,1
4588,,1
4589,C要,1
4590,F清,1
4591,w,1
4592,外,1
4593,三百,1
4594,拉丁美洲,1
4595,再生,1
4596,26,1
4597,主,1
4598,迷,1
4599,剃度,1
4600,全,1
4601,,1
4602,掌T,1
4603,放Wc祝,1
4604,生子,1
4605,四q,1
4606,适,1
4607,太生,1
4608,[,1
4609,大r,1
4610,林,1
4611,延L,1
4612,赡,1
4613,保_沃克,1
4614,蛋糕,1
4615,只,1
4616,e手,1
4617,拚命,1
4618,地c,1
4619,未成年,1
4620,p照,1
4621,,1
4622,,1
4623,Z,1
4624,活活,1
4625,一命,1
4626,蛩,1
4627,海警,1
4628,竟要r,1
4629,未,1
4630,定神,1
4631,言羞,1
4632,靠子,1
4633,佛心,1
4634,男≡,1
4635,爽翻,1
4636,癌症,1
4637,坌,1
4638,,1
