<?xml version="1.0" encoding="utf-8"?>
<resources xmlns:xliff="urn:oasis:names:tc:xliff:document:1.2">

    <!--通话-->
    <string name="internationalui_call_process_country_china">中国</string>
    <string name="internationalui_call_process_calling">呼叫</string>
    <string name="internationalui_call_process_record">录音</string>
    <string name="internationalui_call_process_redial">回拨</string>
    <string name="internationalui_call_process_recharge">充值</string>
    <string name="internationalui_call_process_mute">静音</string>
    <string name="internationalui_call_process_speaker">免提</string>

    <!--通话结束-->
    <string name="internationalui_disconnect_close">关闭</string>
    <string name="internationalui_disconnect_redial">重拨</string>

    <!--登录-->
    <string name="internationalui_login_head_title">登录注册</string>
    <string name="internationalui_country_input_hint">国家</string>
    <string name="internationalui_country_code_input_hint">区号</string>
    <string name="internationalui_phone_input_hint">请填写您的手机号码</string>
    <string name="internationalui_validation_code_input_hint">输入验证码</string>
    <string name="internationalui_validation_code_query_hint">获取验证码</string>
    <string name="internationalui_validation_code_requery">重新发送</string>
    <string name="internationalui_validation_code_countdown">%d 秒</string>
    <string name="internationalui_network_unavailable">没有网络连接</string>
    <string name="internationalui_loading_text">加载中</string>


    <string name="internationalui_verification_over_limit">验证码发送超限</string>
    <string name="internationalui_verification_phone_format_error">手机号码格式错误</string>
    <string name="internationalui_verification_phone_number_error">手机号码错误</string>
    <string name="internationalui_verification_phone_input_invalid_error">无效的手机号码</string>
    <string name="internationalui_verification_send_ok">获取验证码的请求已成功发送！</string>

    <string name="internationalui_login_verification_expired">验证码过期</string>
    <string name="internationalui_login_code_input_insuffient">密码和验证码，二者至少提供一个</string>
    <string name="internationalui_login_data_not_found">账户不存在</string>
    <string name="internationalui_login_authorize_fail">验证码错误</string>
    <string name="internationalui_login_no_permission">权限不足</string>

    <string name="internationalui_network_other">网络请求异常</string>
    <string name="internationalui_number_invalid_hint">请输入正确的手机号码</string>
    <string name="internationalui_login_page_start_hint">登录</string>
    <string name="internationalui_logout">退出登录</string>

    <!--备注"internationalui_captcha_message_template"勿改，为英文短信固定格式检测-->
    <string name="internationalui_captcha_message_template">Your verification code: (\\d{4})</string>

    <string name="internationalui_login_country_code_dialog_title">友情提示</string>
    <string name="internationalui_login_country_code_dialog_message">请先选择国家区号</string>
    <string name="internationalui_login_country_code_dialog_ok">确定</string>

    <!--选择国家区号-->
    <string name="internationalui_select_country_head_title">请选择您的国家</string>
    <string name="internationalui_country_search_hint">搜索国家码</string>
    <string name="internationalui_country_search_nothing_found">很抱歉，未找到</string>

    <!--个人中心-->
    <string name="internationalui_personal_center_head_title">个人中心</string>
    <string name="internationalui_personal_center_slogan">登录 &#038; 即刻与小伙伴畅打免费电话!</string>
    <string name="internationalui_call_rates">拨打资费</string>
    <string name="internationalui_invite_friends">邀请好友</string>
    <string name="internationalui_international_free_call">现在就打一通电话试试</string>
    <string name="internationalui_personal_center_credits">我的积点</string>
    <string name="internationalui_personal_center_recharge">积点充值</string>
    <string name="internationalui_personal_center_recharge_title">充值</string>
    <string name="internationalui_personal_center_cloud_roaming">云漫游</string>
    <string name="internationalui_personal_center_check_update_app">版本</string>
    <string name="internationalui_personal_center_feedback">反馈</string>
    <!--资费列表-->
    <string name="internationalui_call_rate_head_title">拨打资费</string>
    <string name="internationalui_call_rate_search_hint">请输入国家名字或是区号</string>
    <string name="internationalui_call_rate_column_code">国家码</string>
    <string name="internationalui_call_rate_column_country">国家及地区</string>
    <string name="internationalui_call_rate_column_credit_per_minute">积分/分钟</string>
    <string name="internationalui_call_msg_warning_country_code">请确认您的号码包含区号: %s</string>
    <string name="internationalui_call_msg_choose_country">选择区号</string>

    <!--扣费列表-->
    <string name="internationalui_cost_list_head_title">扣费详情</string>
    <string name="internationalui_cost_list_my_credits_text">我的积分</string>
    <string name="internationalui_cost_list_recharge_history_title">充值记录</string>
    <string name="internationalui_cost_list_cost_history_title">扣费记录</string>
    <string name="internationalui_cost_list_no_history">无历史记录</string>
    <string name="internationalui_cost_list_recharge_order">订单&#32;</string>
    <string name="internationalui_cost_list_cloud_roaming_purchase_order">云漫游订单&#32;</string>
    <string name="internationalui_cost_list_loading_more_date">...</string>
    <string name="internationalui_cost_list_loading_no_more_date">无更多历史数据</string>

    <!--公司品牌声明-->
    <string name="internationalui_international_brand_delare_title">本服务由Touchpal提供</string>

    <string name="internationalui_feedback_putinbutton_log_only">仅上传日志</string>

    <!-- update -->
    <string name="internationalui_dlg_standard_title">提示</string>
    <string name="internationalui_pro_apk_mandatory_update">TP dialer全面优化，您需要升级到新版本后才可以继续使用</string>
    <string name="internationalui_pref_software_version">软件版本</string>
    <string name="internationalui_pref_update_software_title">软件更新</string>
    <string name="internationalui_update_uptodate">检测新版本</string>
    <string name="internationalui_update_title">发现新版本</string>
    <string name="internationalui_update_checking">更新检测中</string>
    <string name="internationalui_update_no_network">网络连接失败</string>
    <string name="internationalui_update_ongoing">后台正在更新程序</string>
    <string name="internationalui_update_dialog_btn_text_update_now">立即更新</string>
    <string name="internationalui_update_dialog_btn_text_install_now">立即安装</string>
    <string name="internationalui_update_dialog_btn_text_later">以后再说</string>

    <string name="internationalui_download_app_failed_no_space">存储空间不足，无法下载</string>
    <string name="internationalui_download_app_in_progress">新版应用程序正在下载&#8230;</string>
    <string name="internationalui_download_app_in_progress2">正在下载应用：%s</string>
    <string name="internationalui_download_app_failed">下载失败, 请连接网络后点击重新下载</string>
    <string name="internationalui_download_app_success">应用程序下载成功</string>
    <string name="internationalui_download_app_background">免费升级</string>
    <string name="internationalui_download_app_background_normal">普通下载</string>
    <string name="internationalui_download_app_background_high_speed">高速下载</string>
    <string name="internationalui_download_app_percentage">应用程序下载: </string>
    <string name="internationalui_download_app_percentage2">下载%s: </string>
    <string name="internationalui_presentation_update">升级日志</string>
    <string name="internationalui_presentation_ing">正在</string>

    <string name="internationalui_dialog_logout_msg">您确定要登出么？</string>
    <string name="internationalui_dialog_btn_msg_sure">确定</string>
    <string name="internationalui_dialog_btn_msg_cancel">取消</string>
    <string name="internationalui_dialog_title_msg">友情提示</string>

    <!--登录-用户协议-->
    <string name="internationalui_service_policy_area_agree_text">如需使用TP Dialer, 请您阅读并遵守</string>
    <string name="internationalui_service_policy_area_and_text">及</string>
    <string name="internationalui_service_policy_area_privicy_policy_text">隐私政策</string>
    <string name="internationalui_service_policy_area_terms_of_service_text">用户协议</string>
    <string name="internationalui_service_policy_head_title">服务条款</string>

    <string name="internationalui_dialog_title_tip">触宝提示</string>
    <string name="internationalui_goto_recharge">去充值</string>

    <string name="internationalui_activate">激活账户</string>
    <string name="internationalui_advices">意见建议</string>
    <string name="internationalui_bug_report">问题反馈</string>
    <string name="internationalui_optimization">优化改进</string>

    <string name="internationalui_tips_error_phone_number">号码格式有误</string>

    <!--feedback-->
    <string name="internationalui_feedback_content_hint">您的反馈很重要，我们会认真聆听......</string>
    <string name="internationalui_feedback_email">邮箱地址</string>
    <string name="internationalui_feedback_email_hint">电子邮件</string>
    <string name="internationalui_feedback_phone">手机号码</string>
    <string name="internationalui_feedback_phone_hint">手机号码（选填）</string>
    <string name="internationalui_feedback_putinbutton">提交</string>
    <string name="internationalui_voip_brand">问题反馈由Touchpal提供支持</string>

    <!--braintree-->
    <string name="internationalui_braintree_purchase_best_discount_head_title">折扣季充值</string>
    <string name="internationalui_braintree_purchase_final_price">总价</string>
    <string name="internationalui_braintree_purchase_price_save">已优惠: %1$s %2$.2f</string>
    <string name="internationalui_braintree_purchase_submit">确认下单</string>
    <string name="internationalui_braintree_purchase_order_loading">正在生成订单...</string>
    <string name="internationalui_braintree_purchase_checkout_success">支付成功</string>
    <string name="internationalui_braintree_purchase_checkout_failed">支付失败</string>
    <string name="internationalui_braintree_purchase_checkout_canceled">订单已取消</string>
    <string name="internationalui_braintree_purchase_braintree_setup_failed">支付平台初始化失败</string>
    <string name="internationalui_braintree_purchase_order_failed">交易失败</string>
    <string name="internationalui_braintree_purchase_order_param_error">订单参数缺失</string>
    <string name="internationalui_braintree_purchase_developer_error">支付认证</string>
    <string name="internationalui_braintree_purchase_server_error">支付平台网关错误</string>
    <string name="internationalui_braintree_purchase_server_unavailable">支付平台正在进行维护</string>

    <!--feedback-->
    <string name="internationalui_feedback_title">问题反馈</string>
    <string name="internationalui_log_upload_success">日志上传成功</string>
    <string name="internationalui_feedback_noti1">提交成功，感谢您的反馈</string>
    <string name="internationalui_feedback_noti2">提交失败，网络异常，请检查网络设置</string>
    <string name="internationalui_feedback_noti3">请输入您的问题与反馈</string>
    <string name="internationalui_feedback_noti4">您已超过1500字数限制，请修改后再提交</string>
    <string name="internationalui_feedback_noti5">请输入正确的邮箱账号</string>
    <string name="internationalui_feedback_noti6">请输入正确的手机号</string>
    <string name="internationalui_feedback_tips_invalid_contact">请填写邮箱或手机号码</string>

    <!--voip disconnect-->
    <string name="internationalui_disconnect_error_accounterr">账户异常，请过24小时后再拨打</string>
    <string name="internationalui_disconnect_error_accoutrepeat">账户异常，请勿反复拨打</string>
    <string name="internationalui_disconnect_error_actionerr">账户违规操作，无法再拨打免费电话</string>
    <string name="internationalui_disconnect_error_area">免费电话暂不支持该地区</string>
    <string name="internationalui_disconnect_error_busy">线路正忙，请稍后再打</string>
    <string name="internationalui_disconnect_error_checknet">请检查网络，或重拨</string>
    <string name="internationalui_disconnect_error_decline">对方不在线，暂不支持免费电话</string>
    <string name="internationalui_disconnect_error_locationerr">获取定位失败</string>
    <string name="internationalui_disconnect_error_neterror">网络异常，请检查网络，重新拨打</string>
    <string name="internationalui_disconnect_error_nomoney">积点已用完</string>
    <string name="internationalui_disconnect_error_normalcall">网络异常，换普通电话或稍候联系Ta</string>
    <string name="internationalui_disconnect_error_nottpaccount">对方也是触宝用户才能拨打</string>
    <string name="internationalui_disconnect_error_restart">请重启电话</string>
    <string name="internationalui_disconnect_error_routeerr">线路问题，暂不支持该座机</string>
    <string name="internationalui_disconnect_error_serverrestart">服务器异常，请重启电话应用</string>
    <string name="internationalui_disconnect_error_serverunknow">服务器找不到，请重拨</string>
    <string name="internationalui_disconnect_error_versionlow">当前版本过低，请升级应用</string>
    <string name="internationalui_disconnect_error_normal">通话结束</string>
    <string name="internationalui_disconnect_error_comment_busy">对方忙\n不方便接听</string>
    <string name="internationalui_disconnect_error_comment_no_answer">对方无应答</string>

    <!--voip-->
    <string name="internationalui_permission_noti_audio">请赋予TP Dialer麦克风权限</string>
    <string name="internationalui_voip_call_noti7">暂不支持主被叫号码相同</string>
    <string name="internationalui_dialog_nevernotify">不再提醒</string>
    <string name="internationalui_tips_use_country_calling_code">%s拨打</string>
    <!--new-->
    <string name="internationalui_voip_notification_incall">通话中(%s)</string>
    <string name="internationalui_voip_notification_outgoing">正在呼叫…</string>
    <string name="internationalui_voip_notification_incoming">对方来电，点击查看</string>
    <string name="internationalui_country_token_invalid_error">无效token</string>
    <string name="internationalui_recharge_select_phonenumber">选择充值号码</string>

    <string name="internationalui_stripe_money_lable">总价</string>
    <string name="internationalui_stripe_money">%s USD</string>
    <string name="internationalui_stripe_totle_money">需要支付金额</string>
    <string name="internationalui_stripe_title">支付</string>
    <string name="internationalui_stripe_card_number_lable">信用卡卡号</string>
    <string name="internationalui_stripe_card_number_hint">请输入您的卡号</string>
    <string name="internationalui_stripe_expire_date_lable">失效日期</string>
    <string name="internationalui_stripe_expire_date_hint">请选择失效日期</string>
    <string name="internationalui_stripe_card_cvc_lable">CVC</string>
    <string name="internationalui_stripe_card_cvc_hint">请输入卡背面后三位数字</string>
    <string name="internationalui_stripe_card_msg_error">信息验证失败，请检查输入信息是否正确</string>
    <string name="internationalui_stripe_pay_loading_msg">支付中，请稍后</string>
    <string name="internationalui_stripe_pay_btn_sure">确认支付</string>
    <string name="internationalui_charge_result_exception">支付请求异常，请稍后查看我的积点</string>
    <string name="internationalui_charge_create_token_exception">生成支付凭证失败</string>

    <string name="internationalui_date_pick_format_year">%s年</string>
    <string name="internationalui_date_pick_format_month">%s月</string>
</resources>