<?xml version="1.0" encoding="utf-8"?>
<resources>
    <string name="keyboard_mode_qwert">全键盘</string>
    <string name="keyboard_mode_num">9键</string>
    <string name="keyboard_copy">粘贴</string>
    <string name="internayional_splash_firt_title">音质稳定清晰</string>
    <string name="internayional_splash_firt_desc">不管相隔多远，确保通话质量</string>
    <string name="internayional_splash_sec_title">畅拨全球号码</string>
    <string name="internayional_splash_sec_desc">包含任意国家手机和固话</string>
    <string name="internayional_splash_thrd_title">省出一部手机钱</string>
    <string name="internayional_splash_thrd_desc">资费远远低于各大运营商</string>
    <string name="splash_skip">跳过</string>
    <string name="splash_login">立即登录</string>
    <string name="conact_detail_edit">编辑</string>
    <string name="super_search_hint">搜索</string>
    <string name="dialer_dialog_cancel">取消</string>
    <string name="dialer_dialog_ensure">确定</string>
    <string name="dialer_dialog_call_forward">拨打电话</string>
    <string name="internation_best_discount">折扣季</string>
    <string name="international_profile">个人中心</string>
    <string name="international_conacts">联系人</string>
    <string name="dialer_call_record">通话记录</string>
    <string name="international_dialer">拨号</string>
    <string name="contacts_no_permission">请检查系统权限</string>
    <string name="contacts_no_empty">没有获取到联系人</string>
    <string name="calllog_no_empty">没有获取到通话记录</string>
    <string name="permission_noti_contacts">请赋予TP Dialer通讯录权限</string>
    <string name="permission_noti_phone">请赋予TP Dialer电话权限</string>
    <string name="contacts_add_fail">添加联系人失败</string>
    <string name="contacts_edit_fail">编辑联系人失败</string>

    <string name="phonepad_copy_none">没有可粘贴内容</string>

    <string name="voip_sign_with_mobile">手机号码登录</string>
    <string name="voip_login_with_twitter">用Twitter账号登录</string>
    <string name="voip_login_with_facebook">用Facebook账号登录</string>
    <string name="voip_login_with_google">用Google账号登录</string>
</resources>