<?xml version="1.0" encoding="utf-8"?>
<resources>
<string name="keyboard_mode_qwert">لوحة المفاتيح</string>
<string name="keyboard_mode_num">تسعة المفاتيح</string>
<string name="keyboard_copy">نسخ</string>
<string name="internayional_splash_thrd_desc">السعر أقل من جميع المشغلات جدا</string>
<string name="internayional_splash_sec_desc"> يشمل رقم التلفون في اي دولة</string>
<string name="internayional_splash_firt_desc">تاكيد جودة المكالمات رغم ان المسافات طويلة</string>
<string name="internayional_splash_thrd_title">حفظ لك الثمن بنفس قدر التلفون</string>
<string name="internayional_splash_sec_title">مكالمة رقم التلفون في كل أنحاء العالم</string>
<string name="internayional_splash_firt_title">جودة اللهجة مستقرة واضحة</string>
<string name="splash_skip">تخطى</string>
<string name="splash_login">شجل فورا</string>
<string name="conact_detail_edit">حرر</string>
<string name="super_search_hint">بحث</string>
<string name="dialer_dialog_cancel">إلغاء</string>
<string name="dialer_dialog_ensure">تأكد</string>
<string name="dialer_dialog_call_forward">المكالمة</string>
<string name="internation_best_discount">موسم الخصم</string>
<string name="international_profile">مركز الشخصية</string>
<string name="international_conacts">قائمة الاتصال</string>
<string name="dialer_call_record">تذكرات المكالمات</string>
<string name="international_dialer">يضرب التلفون</string>
<string name="contacts_no_permission"> تفضل بفحص حقوق النظام</string>
<string name="contacts_no_empty">لم تحصل على شخص التصال</string>
<string name="calllog_no_empty">لم تحصل على تذكرات المكالمات</string>
<string name="permission_noti_contacts">تفضل بإعطاء tp dialer حقوق قائمة الاتصال</string>
<string name="permission_noti_phone">تفضل بإعطاء tp dialer حقوق المكالمات</string>
<string name="contacts_add_fail">فشل في إضافة شخص الاتصال</string>
<string name="contacts_edit_fail">فشل في تحرير شخص الاتصال</string>
<string name="phonepad_copy_none">لا توجد المعلومات للنسخ</string>
<string name="voip_sign_with_mobile">يسجل الدخول برقم التلفون</string>
<string name="voip_login_with_twitter">يسجل الدخول برقم الحساب twitter</string>
<string name="voip_login_with_facebook">يسجل الدخول برقم الحساب facebook</string>
<string name="voip_login_with_google">يسجل الدخول برقم الحساب google</string>
</resources>